id,name,measure,amount,cho,kcal
1,Abacate (picado),colher de sopa cheia,45.00,3.00,79.00
2,Abacaxi,fatia média,75.00,10.00,44.00
3,Abacaxi em calda,fatia média,64.00,19.00,78.00
4,"Abacaxi, polpa, congelada",unidade,100.00,8.00,31.00
5,Abadejo assado,filé médio,100.00,0.00,112.00
6,Abaráv,unidade média,170.00,24.00,414.00
7,Abiu cru,unidade,100.00,15.00,62.00
8,"Abobora Cabotian, crua",colher de sopa,36.00,4.00,17.00
9,"Abobora cabotian, cozida",colher de sopa,36.00,3.00,14.00
10,Abobrinha recheada,unidade,100.00,6.00,89.00
11,"Abobrinha, italiana, cozida",colher de sopa,20.00,0.00,3.00
12,"Abobrinha, italiana, crua",colher de sopa,20.00,1.00,4.00
13,"Abobrinha, paulista, crua",colher de sopa,20.00,2.00,6.00
14,Abricó-do-pará,fatia média,100.00,13.00,64.00
15,Abóbora doce (picada),colher de sopa cheia,36.00,4.00,18.00
16,Abóbora d’água (picada),colher de sopa cheia,36.00,0.00,10.00
17,Abóbora moranga (picada),colher de sopa cheia,36.00,1.00,7.00
18,Acarajé,unidade média,100.00,22.00,282.00
19,Acelga (picada),colher de sopa cheia,6.00,0.00,2.00
20,Acerola,unidade,12.00,1.00,4.00
21,Achocolatado Diet Gold ®,colher de sopa,9.00,6.00,35.00
22,Achocolatado Diet Linea ®,colher de sopa,12.00,5.00,30.00
23,Acém magro cozido,pedaço médio,100.00,0.00,215.00
24,Agriao refogado,colher de sopa cheia,25.00,1.00,19.00
25,Agrião (picado),colher de sopa cheia,7.00,0.00,2.00
26,Aipim cozido,pedaço médio,100.00,29.00,120.00
27,Aipo inteiro (picado),colher de sopa cheia,10.00,0.00,2.00
28,Alcachofra,pedaço médio,20.00,1.00,6.00
29,Alcaparra,colher de sopa cheia,27.00,1.00,10.00
30,"Alface, americana, crua",folha média,10.00,0.00,1.00
31,"Alface, crespa, crua",folha média,10.00,0.00,1.00
32,"Alface, lisa, crua",folha média,10.00,0.00,1.00
33,"Alface, roxa, crua",folha média,10.00,0.00,1.00
34,Alfajor  ao leite Cacau Show®,unidade,40.00,23.00,120.00
35,Alfajor ao leite Cacau Show®,unidade,40.00,23.00,120.00
36,Alfajor recheado com doce de leite,unidade,25.00,15.00,98.00
37,Alfajor® recheado com doce de leite,unidade,25.00,15.00,98.00
38,Alfavaca crua,folha média,10.00,0.00,3.00
39,Algodão Doce,unidade,30.00,30.00,116.00
40,Algodão doce (Mavalério®),embalagem,35.00,35.00,140.00
41,Algodão doce tuti - frutti Snow Sugar®,1/2 xícara de chá,5.00,5.00,20.00
42,Algodão doce uva Snow Sugar®,1/2 xícara de chá,5.00,5.00,20.00
43,"Alho, cru",2 dentes,10.00,3.00,11.00
44,Alho-poró cru,porção pequena,20.00,3.00,11.00
45,Ambrosia,2 colheres de sopa cheias,80.00,33.00,207.00
46,Ameixa de queijo,unidade,12.00,7.00,36.00
47,Ameixa em calda,01 unidade média,7.00,5.00,20.00
48,Ameixa preta fresca,unidade média,42.00,4.00,18.00
49,Amendoim caramelizado,pacote pequeno,20.00,14.00,95.00
50,Amendoim cozido,2 colheres de sopa,34.00,7.00,108.00
51,"Amendoim, grão, cru",2 colheres de sopa,34.00,5.00,194.00
52,"Amendoim, torrado, salgado",2 colheres de sopa,34.00,5.00,194.00
53,Amido de arroz,colher de sopa cheia,20.00,17.00,70.00
54,Amido de milho,colher de sopa cheia,20.00,17.00,69.00
55,"Amora (branca, preta e vermelha)",unidade média,8.00,1.00,5.00
56,"Amora, geléia de",colher de sopa cheia,40.00,23.00,93.00
57,Amêndoa,01 unidade média,3.00,1.00,13.00
58,Angu,colher de sopa cheia,35.00,9.00,44.00
59,Angus DeLuxe (Mc’Donalds®),unidade,,56.00,863.00
60,Angus bacon (Mc’Donalds®),unidade,,57.00,861.00
61,Antepasto abobrinha escabeche,colher de sopa cheia,30.00,4.00,57.00
62,Antepasto alichella,colher de sopa cheia,30.00,1.00,106.00
63,Antepasto berinjela,colher de sopa cheia,30.00,4.00,88.00
64,Antepasto sardella,colher de sopa cheia,30.00,5.00,160.00
65,Apfelstrudell (folheado de maçã),porção grande,220.00,59.00,396.00
66,Apfelstrudell® (folheado de maçã),porção grande,220.00,59.00,396.00
67,Apresuntado,fatia média,15.00,0.00,69.00
68,Arroz branco cozido,colher de sopa cheia,20.00,5.00,26.00
69,Arroz carreteiro,colher de servir,45.00,5.00,70.00
70,Arroz com amendoas,colher de servir,60.00,18.00,75.00
71,Arroz com lentilha,colher de servir arroz,45.00,12.00,71.00
72,Arroz com lingüiça,3 colheres de arroz cheias,180.00,36.00,349.00
73,Arroz com pequi,3 colheres de arroz cheias,180.00,50.00,292.00
74,Arroz integral cozido,colher de sopa cheia,20.00,5.00,25.00
75,Arroz selvagem Tio João®,porção,50.00,35.00,170.00
76,Arroz sírio,colher de servir arroz,45.00,13.00,69.00
77,Arroz à grega,colher de servir,60.00,18.00,75.00
78,"Arroz, farinha de",colher de sopa cheia,17.00,14.00,62.00
79,"Arroz, flocos de",colher de sopa cheia,14.00,11.00,49.00
80,Arroz-doce,colher de sopa cheia,40.00,13.00,66.00
81,Aspargo em conserva,unidade média,7.00,0.00,2.00
82,Ataif,porção,100.00,13.00,124.00
83,Atum em água,colher de sopa cheia,16.00,0.00,45.00
84,Aveia em flocos crua,colher de sopa cheia,15.00,10.00,56.00
85,"Aveia, farinha de (crua)",colher de sopa cheia,18.00,12.00,71.00
86,"Aveia, flocos cozidos de",colher de sopa cheia,15.00,2.00,9.00
87,Avelã,unidade média,1.00,0.00,6.00
88,Azeite de dendê industrializado,colher de sopa cheia,8.00,0.00,71.00
89,Azeite de oliva (extra),colher de sopa cheia,8.00,0.00,72.00
90,Azeitona preta (parte comest.),unidade média,3.00,0.00,7.00
91,Azeitona verde (parte comest.),unidade média,4.00,0.00,12.00
92,Açafrão em pó,colher de sopa cheia,16.00,12.00,54.00
93,Açai  natural Frooty ®,6 colheres de sopa rasas,60.00,13.00,62.00
94,Açaí (polpa)  com xarope de guarana e glicose,taça pequena,100.00,21.00,110.00
95,Açaí polpa congelada,unidade,100.00,6.00,58.00
96,"Açaí, suco de",copo duplo cheio,240.00,72.00,438.00
97,Açúcar branco refinado,colher de sopa cheia,30.00,30.00,116.00
98,Açúcar cristal,colher de sopa cheia,24.00,24.00,96.00
99,Açúcar mascavo,colher de sopa cheia,19.00,17.00,70.00
100,BKTM batata suprema (Burguer King®),porção,,59.00,604.00
101,BKTM cheddar duplo (Burguer King®),unidade,,54.00,660.00
102,BKTM chicken crisp (Burguer King®),unidade,,68.00,667.00
103,BKTM chicken crisp furioso (Burguer King®),unidade,,80.00,930.00
104,BKTM chicken sandwich (Burguer King®),unidade,,53.00,609.00
105,BKTM fish (Burguer King®),unidade,,63.00,573.00
106,BKTM grilled chicken (Burguer King®),unidade,,56.00,508.00
107,BKTM nuggets (Burguer King®),porção,,12.00,148.00
108,BKTM pepperoni (Burguer King®),unidade,,30.00,270.00
109,BKTM picanha (Burguer King®),unidade,,53.00,922.00
110,BKTM stacker triplo com bacon (Burguer King®),unidade,,35.00,1529.00
111,Baba de moça,colher de sopa cheia,30.00,27.00,150.00
112,Babaganuche,1 porção,100.00,6.00,84.00
113,Bacalhoada,colher de sopa,30.00,2.00,51.00
114,Bacallhau cozido,escumadeira média,60.00,0.00,88.00
115,Bacon,fatia média,15.00,0.00,99.00
116,Bacon (Baked Potato®),concha,20.00,0.00,92.00
117,Bacuri,polpa de 1 fruto médio,90.00,0.00,870.00
118,Baguete congelada Qualita®,unidade pequena,50.00,25.00,124.00
119,Baião de dois,escumadeira cheia,100.00,20.00,136.00
120,Bala Delícia,unidade,5.00,4.00,20.00
121,Bala Delícia®,unidade,5.00,4.00,20.00
122,Bala Halls®,unidade,3.00,3.00,13.00
123,Bala Jujuba,unidade,3.00,3.00,12.00
124,Bala Toffe® Chocolate,unidade,6.00,22.00,151.00
125,Bala de banana,3 unidades,50.00,12.00,46.00
126,Bala de caramelo,unidade,6.00,5.00,27.00
127,Bala de caramelo Embare®,unidade,6.00,5.00,27.00
128,Bala de coco (industrializada),unidade,5.00,5.00,20.00
129,Bala de coco (industrializada) Junco®,unidade,5.00,5.00,20.00
130,Bala de goma,unidade,3.00,3.00,11.00
131,Bala de mel Arcor®,unidade,6.00,6.00,22.00
132,Bala macia,unidade,5.00,5.00,20.00
133,"Bambu, brotos de",pires de chá,10.00,0.00,3.00
134,Banana caramelada,unidade média,50.00,29.00,114.00
135,Banana frita da terra,fatia média,31.00,10.00,68.00
136,Banana pacova madura cozida sem casca,colher de sopa cheia,35.00,12.00,48.00
137,Banana pacova madura frita (picada),colher de sopa cheia,35.00,18.00,96.00
138,Banana pacova madura in natura (picada),colher de sopa cheia,30.00,11.00,45.00
139,Banana pacova verde frita,colher de sopa cheia,35.00,30.00,138.00
140,Banana à milanesa,unidade média,100.00,24.00,185.00
141,Banana-caturra ou Nanica,unidade média,86.00,20.00,79.00
142,Banana-da-terra crua,unidade grande,100.00,27.00,117.00
143,Banana-maçã,unidade média,65.00,15.00,72.00
144,Banana-ouro,unidade pequena,40.00,9.00,42.00
145,Banana-prata crua,unidade média,50.00,13.00,49.00
146,Bananada,unidade média,40.00,27.00,115.00
147,Banha de porco,colher de sopa cheia,10.00,0.00,90.00
148,"Barra de Cereal Diet Linea® Avela, Castanha e Chocolate",unidade,25.00,17.00,75.00
149,Barra de cereal Diet Linea® banana com aveia,unidade,25.00,18.00,65.00
150,Batata (Baked Potato®),unidade,470.00,83.00,369.00
151,Batata doce frita,fatia média,65.00,39.00,249.00
152,Batata frita  (Bob’s®),porção grande,115.00,41.00,259.00
153,Batata frita (Burguer King®),porção,,37.00,318.00
154,Batata frita (Habib’s®),porção pequena,40.00,10.00,86.00
155,Batata frita chips,punhado,13.00,6.00,70.00
156,Batata fritas (Mc’ Donalds®),porção pequena,,25.00,206.00
157,Batata fritas McFritas Kids (Mc’ Donalds®),porção,,11.00,87.00
158,Batata inglesa Saute®,colher de sopa cheia,25.00,4.00,37.00
159,Batata inglesa cozida,colher de sopa cheia picada,80.00,6.00,68.00
160,Batata inglesa fritta,escumadeira média cheia,65.00,23.00,182.00
161,Batata inglesa fritta®,escumadeira média cheia,65.00,23.00,182.00
162,Batata smiles Mccain®,01 unidade,21.00,7.00,42.00
163,"Batata, amido de",colher de sopa cheia,16.00,13.00,53.00
164,"Batata, fécula de",colher de sopa cheia,20.00,16.00,66.00
165,Batata-baroa ou mandioquinha (picada),colher de sopa cheia,35.00,10.00,44.00
166,Batata-doce amarela assada (picada),colher de sopa cheia,30.00,10.00,43.00
167,Batata-doce branca cozida (picada),colher de sopa cheia,30.00,8.00,38.00
168,Batata-doce cozida,colher sopa cheia,42.00,10.00,43.00
169,"Batata-doce, doce de",colher de sopa cheia,40.00,24.00,94.00
170,Baton (chocolate ao leite Garoto®),unidade,16.00,9.00,86.00
171,Beijinho,unidade média,25.00,11.00,105.00
172,Beijinho diet,unidade pequena,6.00,2.00,20.00
173,Beijinho-de-coco Nestle®,colher de sopa,20.00,11.00,63.00
174,Beiju,unidade média,100.00,87.00,359.00
175,Beiju com Coco,unidade grande,125.00,77.00,622.00
176,Beiju de queijo com manteiga,unidade média,150.00,87.00,518.00
177,Beirute Habib’s®,unidade,415.00,51.00,714.00
178,Bekleua,1 porção,100.00,20.00,290.00
179,Bem casado,01 unidade,40.00,25.00,160.00
180,Bergamota ou Mexerica,unidade grande,100.00,15.00,58.00
181,Berinjela cozida sem sal,colher de sopa cheia,25.00,2.00,8.00
182,Berinjela frita,rodela média,13.00,1.00,10.00
183,Beterraba cozida (picada),colher de sopa cheia,20.00,2.00,9.00
184,Beterraba crua,colher de sopa cheia,16.00,1.00,7.00
185,Bib’s dog  (Habib’s®),unidade,105.00,21.00,246.00
186,Bib’s salad (Habib’s®),unidade,300.00,36.00,209.00
187,Bife Role,unidade grande,150.00,4.00,268.00
188,Bife de boi,unidade média,100.00,0.00,228.00
189,Bife de fígado,unidade média,100.00,6.00,216.00
190,Bife à milanesa,unidade pequena,80.00,8.00,230.00
191,Big Bob picanha 100g (Bob’s®),unidade,235.00,35.00,513.00
192,Big Bob picanha 200g (Bob’s®),unidade,344.00,38.00,728.00
193,Big king  (Burguer King®),unidade,,31.00,555.00
194,Big tasty (Mc’ Donalds®),unidade,,43.00,841.00
195,Biscoito de aveia e mel Nestle®,unidade,6.00,4.00,26.00
196,Biscoito de polvilho (rosquinha),unidade,3.00,2.00,13.00
197,Biscoito de queijo,unidade,12.00,6.00,51.00
198,Biscoito de água e sal,unidade,8.00,5.00,34.00
199,Biscoito leite Nestlé®,unidade,8.00,5.00,38.00
200,Biscoito maisena Nestlé®,unidade,5.00,4.00,22.00
201,Biscoito maria Nestlé®,unidade,6.00,4.00,26.00
202,Biscoito milho verde Nestlé®,unidade,6.00,4.00,27.00
203,Biscoito passatempo® sem recheio,unidade,6.00,4.00,22.00
204,Biscoito prestígio recheado São Luiz  Nestlé®,unidade,15.00,10.00,71.00
205,Biscoito prestígio® wafer Nestlé®,unidade,8.00,5.00,43.00
206,Biscoito recheado chocolate,unidade,13.00,9.00,62.00
207,Biscoito salclic aperitivo São Luiz Nestle®,unidade,5.00,3.00,24.00
208,Biscoito salgado integral gergelim Piraquê®,unidade,7.50,5.00,38.00
209,Biscoito suíço creme de avelã São Luiz  Nestlé®,unidade,13.00,7.00,73.00
210,Biscoito tipo cookies Baunilha Toddy®,unidade,10.00,6.00,46.00
211,Biscoito tostines cream cracker São Luiz Nestlé®,unidade,8.00,5.00,37.00
212,Biscoito tostines® leite,unidade,8.00,6.00,37.00
213,Biscoito tostines® recheado Chocolate,unidade,13.00,9.00,64.00
214,Biscoito tostines® surpresa fun,unidade,8.00,6.00,37.00
215,Biscoito tostines® wafer chocolate,unidade,8.00,5.00,42.00
216,Biscoitos de farinha integral,unidade,10.00,7.00,40.00
217,Biscoitos de glúten a 40%,unidade,10.00,3.00,29.00
218,Biscoitos de glúten puro,unidade,10.00,8.00,35.00
219,Bisnaguinha Seven Boys®,unidade,20.00,11.00,62.00
220,Blis Frutas Vermelhas,unidade,180.00,29.00,158.00
221,Bliss morango,unidade,200.00,31.00,168.00
222,Bob’s crispy (Bob’s®),unidade,251.00,48.00,641.00
223,Bob’s picanha gourmet 100g (Bob’s®),unidade,258.00,35.00,480.00
224,Bob’s picanha gourmet 200g (Bob’s®),unidade,373.00,36.00,727.00
225,Bolacha de nata Panco®,unidade,5.00,4.00,22.00
226,Bolacha sabor mais morango Trakinas®,unidade,12.00,8.00,61.00
227,Bolinha de queijo,unidade pequena,10.00,3.00,27.00
228,Bolinho de Carne,unidade,50.00,8.00,67.00
229,Bolinho de Chuva,unidade pequena,30.00,13.00,81.00
230,Bolinho de Presunto e Queijo,unidade,50.00,12.00,73.00
231,Bolinho de Queijo,unidade,50.00,16.00,137.00
232,Bolinho de aipim com carne seca,unidade média,45.00,12.00,86.00
233,Bolinho de arroz,unidade,40.00,20.00,164.00
234,Bolinho de bacalhau,unidade média,15.00,3.00,42.00
235,Bolinho de bacalhau (Habib’s®),unidade,30.00,5.00,87.00
238,Bolinho de estudante (Bolinho Ana Maria®),unidade média,80.00,49.00,292.00
239,Bolinho de soja tipo salsicha 350g (Ta’amti) - Albee®,4 unidades,90.00,28.00,232.00
240,Bolo Floresta Branca com Cereja,fatia pequena,50.00,19.00,183.00
241,Bolo Floresta Negra com Morango,fatia pequena,50.00,10.00,106.00
242,Bolo Merengue,fatia pequena,50.00,11.00,116.00
243,Bolo Mousse de Chocolate,fatia pequena,50.00,20.00,173.00
244,Bolo alemão,fatia,60.00,30.00,227.00
245,Bolo branco simples,fatia média,100.00,55.00,318.00
246,Bolo de Brigadeiro,fatia pequena,50.00,20.00,147.00
247,Bolo de Chocolate e Nozes,fatia pequena,50.00,17.00,175.00
248,Bolo de aipim com coco,fatia média,80.00,37.00,243.00
249,Bolo de arroz,fatia média,70.00,39.00,197.00
250,Bolo de banana,fatia média,70.00,33.00,211.00
251,Bolo de batata-doce,fatia média,90.00,43.00,292.00
252,Bolo de brigadeiro (festa) Amor aos Pedaços®,fatia pequena,60.00,33.00,211.00
253,Bolo de casamento,01 fatia pequena,75.00,42.00,285.00
254,Bolo de cenoura,fatia média,60.00,38.00,227.00
255,Bolo de cenoura com chocolate Dr. Oetiker®,fatia média,60.00,38.00,227.00
256,Bolo de cenoura com chocolate Dr. Otcker®,fatia média,60.00,38.00,227.00
257,Bolo de chocolate (recheio/cobertura),fatia média,100.00,54.00,320.00
258,Bolo de chocolate sem glacê,fatia média,60.00,34.00,306.00
259,Bolo de coco,fatia grande,100.00,54.00,317.00
260,Bolo de festa (recheio/cobertura),fatia média,100.00,54.00,320.00
261,Bolo de festa diet (recheio/cobertura),fatia média,80.00,20.00,220.00
262,Bolo de fubá,fatia média,50.00,20.00,160.00
263,Bolo de limão,fatia média,60.00,37.00,233.00
264,Bolo de mandioca (aipim),pedaço grande,100.00,48.00,324.00
265,Bolo de milho,fatia,100.00,54.00,290.00
266,Bolo de nozes,fatia média,50.00,28.00,200.00
267,Bolo mousse de chocolate Amor aos Pedaços®,fatia pequena,60.00,23.00,185.00
268,Bolo simples,fatia média,60.00,33.00,263.00
269,Bombom Alpino,unidade,13.00,8.00,70.00
270,Bombom Alpino®,unidade,13.00,8.00,70.00
271,Bombom Chokito®,unidade,32.00,25.00,140.00
272,Bombom Copinho de Torrone,unidade,10.00,6.00,54.00
273,Bombom Ferrero Rocher®,unidade,12.00,6.00,72.00
274,Bombom Flocos,unidade,10.00,6.00,52.00
275,Bombom It coco Garoto®,unidade,17.00,11.00,80.00
276,Bombom Ouro Branco®,unidade,22.00,13.00,117.00
277,Bombom Prestígio,unidade,10.00,5.00,51.00
278,Bombom Raffaello®,unidade,10.00,4.00,62.00
279,Bombom Sonho de Valsa®,unidade,22.00,13.00,113.00
280,Bombom Trufa de Cereja,unidade,10.00,6.00,45.00
281,Bombom banana Caribe Garoto®,unidade,17.00,12.00,65.00
282,Bombom bopinho de torrone,unidade,10.00,6.00,54.00
283,Bombom charge Nestlé®,unidade,40.00,24.00,187.00
284,Bombom de Brigadeiro,unidade,10.00,6.00,48.00
285,Bombom diet Cacau Show®,unidade,13.00,7.00,56.00
286,Bombom prestígio Nestle®,unidade,33.00,21.00,154.00
287,Bombom truffa de creme de cereja Cacau Show®,unidade,25.00,12.00,123.00
288,Brezel (Pretzel),17 unidades pequenos,28.00,23.00,110.00
289,Brigadeiro,01 unidade média,30.00,16.00,103.00
290,Brigadeiro de Flocos,unidade,15.00,9.00,60.00
291,Brigadeiro de Morango,unidade,15.00,9.00,60.00
292,Brigadeiro diet,unidade pequena,10.00,4.00,25.00
293,Broa de Milho,unidade,50.00,25.00,128.00
294,Brócolis com cottage (Baked Potato®),concha,80.00,3.00,31.00
295,Brócolis cozido (picado),colher de sopa cheia,10.00,0.00,4.00
296,CBO (Mc’Donalds®),unidade,,56.00,665.00
297,Cacau em pó Mae Terra®,colher de sopa cheia,10.00,3.00,31.00
298,Cachorro-quente (média),unidade,125.00,31.00,330.00
299,Café com leite sem açúcar,xícara de chá cheia,200.00,7.00,88.00
300,Café infusão 10%,xícara de café,50.00,1.00,4.00
301,Café solúvel pó,colher de sopa cheia,4.00,1.00,6.00
302,Caipirinha sem açúcar,copo,200.00,54.00,436.00
303,Caju polpa congelada,porção,100.00,12.00,46.00
304,"Caju, suco concentrado",copo duplo cheio,240.00,25.00,108.00
305,Cajuzinho,unidade pequena,12.00,6.00,44.00
306,Cajá manga,unidade grande,75.00,9.00,38.00
307,Cajá polpa congelada,porção,100.00,12.00,46.00
308,Cajá-umbu,unidade média,22.00,2.00,10.00
309,Cajú,unidade grande,100.00,10.00,43.00
310,Calda de chocolate,colher de sopa,10.00,5.00,31.00
311,Caldo de carne Knorr®,unidade,9.00,2.00,24.00
312,Caldo de galinha Knorr®,unidade,9.00,1.00,24.00
313,Caldo verde,concha média cheia,130.00,7.00,79.00
314,Caldo-de-cana,copo duplo,240.00,49.00,201.00
315,Camarão (Baked Potato®),concha,90.00,0.00,42.00
316,Camarão cozido,unidade grande,30.00,0.00,27.00
317,Camarão frito,colher de sopa,20.00,0.00,37.00
318,Camarão grande cru,unidade,30.00,0.00,25.00
319,Camembert (Baked Potato®),4 fatias,60.00,0.00,188.00
320,Camu-camu,6 unidades,48.00,3.00,15.00
321,Canapé de capaccio,01 torrada,3.00,2.00,20.00
322,Canela em pau Kitano®,unidade,2.00,1.00,5.00
323,Canelone de frango,unidade média,45.00,9.00,87.00
324,Canelone de ricota,unidade média,30.00,7.00,74.00
325,Canja de galinha,concha média cheia,130.00,12.00,110.00
326,Canjica pronta,colher de sopa cheia,25.00,5.00,29.00
327,Capelete de carne Frescarini®,escumadeira,50.00,26.00,141.00
328,Capelete de frango Frescarini®,escumadeira,50.00,26.00,140.00
329,Cappuccino classic 3 corações® pó,2 colheres de sopa,20.00,14.00,84.00
330,Cappuccino classic diet 3 corações® pó,2 colheres de sopa,14.00,6.00,66.00
331,Caqui,unidade média,110.00,22.00,95.00
332,Carambola,unidade grande,100.00,11.00,46.00
333,Caranguejo cozido,porção,100.00,0.00,83.00
334,Carne assada,pedaço médio,90.00,0.00,259.00
335,"Carne bovina, acem, moído, cru",colher de sopa cheia,25.00,0.00,49.00
336,"Carne bovina, costela assada",pedaço médio,100.00,0.00,373.00
337,"Carne bovina, picanha, com gordura, grelhada",pedaço médio,100.00,0.00,289.00
338,Carne com chilli (Baked Potato®),concha,65.00,28.00,98.00
339,Carne de bezerro,porção,100.00,0.00,115.00
340,Carne de boi moída,colher de sopa cheia,25.00,0.00,49.00
341,"Carne de boi, lagarto",porção,100.00,0.00,117.00
342,"Carne de boi, lagarto cozido",fatia média,100.00,0.00,222.00
343,"Carne de boi, maminha",filé médio,100.00,0.00,199.00
344,"Carne de boi, paleta",porção,100.00,0.00,307.00
345,"Carne de boi, paleta cozida",filé médio,100.00,0.00,194.00
346,"Carne de boi, picanha (Friboi®)",porção,100.00,1.90,323.00
347,Carne de cabrito magra,pedaço médio,100.00,0.00,179.00
348,Carne de cordeiro magra,pedaço médio,100.00,0.00,162.00
349,"Carne de porco, lombo assado",pedaço médio,100.00,0.00,210.00
350,"Carne de vaca, maminha",porção,100.00,0.00,159.00
351,Carne ensopada com legumes,colher sopa cheia,35.00,3.00,57.00
352,Carne vegetal (de soja),colher de sopa cheia,25.00,2.00,29.00
353,Carpa assada,filé médio,100.00,0.00,110.00
354,Carpaccio de Haddock,fatia média,15.00,0.00,17.00
355,Carpaccio de salmão,fatia média,15.00,0.00,21.00
356,Caruru (hortaliça crua picada),colher de sopa cheia,25.00,2.00,9.00
357,Caruru (prato baiano),colher de sopa,30.00,1.00,64.00
358,Cará cozido,colher de sopa cheia picada,35.00,7.00,28.00
359,Casquinha de siri,unidade,55.00,1.00,92.00
360,Castanha de caju,01 unidade média,3.00,1.00,13.00
361,Castanha de pequi,unidade média,14.00,3.00,12.00
362,Castanha do pará,01 unidade média,6.00,1.00,42.00
363,Castanha portuguesa,01 unidade,10.00,5.00,21.00
364,Catchup,colher de sopa cheia,15.00,4.00,15.00
365,Catupiry,fatia média,35.00,0.00,88.00
366,Cebola picada,colher de sopa cheia,10.00,1.00,4.00
367,Cebolinha crua (picada),colher de sopa cheia,8.00,0.00,2.00
368,Cenoura cozida,colher de sopa cheia,25.00,2.00,8.00
369,Cenoura crua ralada,colher de sopa cheia,12.00,1.00,4.00
370,Cenouritas (Mc’ Donalds®),porção,70.00,3.00,18.00
371,"Centeio, farinha clara de",xícara,102.00,79.00,355.00
372,"Cereal barra Nestlé® banana, aveia e mel",unidade,20.00,11.00,64.00
373,Cereal barra Nutry® coco com chocolate,unidade,22.00,16.00,90.00
374,Cereal barra Trio® light morango com chocolate,unidade,20.00,15.00,78.00
375,Cereal de arroz e milho Nestlé®,colher de sopa,7.00,6.00,27.00
376,Cereal infantil 3 cereais Nestlé®,colher de sopa,7.00,5.00,29.00
377,Cereal infantil 3 frutas Nestlé®,colher de sopa,7.00,6.00,27.00
378,Cereal matinal  chocokrispis Kellogg’s®,3/4 de xícara,30.00,25.00,110.00
379,Cereal matinal Kellness® granola tradicional,1/2 xícara,40.00,27.00,147.00
380,Cereal matinal all bran Kellogg’s®,3/4 de xícara,40.00,18.00,108.00
381,Cereal matinal corn flakes Kellogg’s®,1 xícara,30.00,24.00,108.00
382,Cereal matinal crunch Nestlé®,3/4 xícara,30.00,23.00,120.00
383,Cereja em conserva,unidade,5.00,2.00,8.00
384,Cereja fresca,unidade,4.00,1.00,4.00
385,Cerveja,lata,350.00,12.00,143.00
386,"Cevada, infuso de",xícara de chá cheia,200.00,5.00,24.00
387,Chambinho,unidade,45.00,4.00,40.00
388,Champanhe,taça,100.00,3.00,82.00
389,Champanhe tipo sidra,taça,100.00,3.00,82.00
390,Champignon (Backed Potato®),concha,60.00,1.00,6.00
391,Champignon (conserva),colher de sopa,10.00,0.00,2.00
392,Chandelle chocolate,unidade,75.00,18.00,151.00
393,Chantilly,colher de sopa,20.00,4.00,60.00
394,Charutinho de folha de uva,porção,100.00,3.00,99.00
395,Charutinho de repolho,porção,100.00,2.00,67.00
396,Charuto folha de uva Habib’s®,porção,245.00,19.00,263.00
397,Charuto repolho Habib’s®,porção,285.00,23.00,295.00
398,Cheddar McMelt (Mc’ Donalds®),unidade,,29.00,481.00
399,Cheeseburger,unidade,140.00,40.00,358.00
400,Cheeseburguer (Bob’s®),unidade,120.00,30.00,329.00
401,Cheeseburguer (Burguer King®),unidade,116.00,32.00,280.00
402,Cheeseburguer (Mc’ Donalds®),unidade,,30.00,295.00
403,Cheeseburguer com bacon (Burguer King®),unidade,119.00,32.00,310.00
404,Cheeseburguer duplo com bacon (Burguer King®),unidade,160.00,32.00,440.00
405,Cheesecake com Mirtilo® (sorvete),01 bola,60.00,18.00,140.00
406,Cheetos sabor natural,1 e 1/2 xícara,25.00,17.00,121.00
407,Chester,fatia,15.00,0.00,31.00
408,Chicken Junior Sandwich (Mc’ Donalds®),unidade,,38.00,380.00
409,Chicken bacon crispy McWrap (Mc’ Donalds®),unidade,249.00,54.00,565.00
410,Chicken bacon grilled McWrap (Mc’ Donalds®),unidade,235.00,32.00,440.00
411,Chicken classic crispy Sandwich (Mc’ Donalds®),unidade,,55.00,510.00
412,Chiclete,unidade,5.00,4.00,16.00
413,Chiclete Trident® tuti-frutti,unidade,2.00,1.00,3.00
414,Chiclete sabor sortido Bubbaloo®,unidade,5.00,4.00,16.00
415,Chicória refogada,colher de sopa,45.00,3.00,39.00
416,Chimarrão,cuia média,200.00,0.00,12.00
417,Chocolate Batom®,unidade,16.00,10.00,86.00
418,Chocolate Bis®,unidade,7.00,5.00,37.00
419,Chocolate Classic Zero açúcar,1 unidade,22.00,8.00,94.00
420,Chocolate Diamante Negro®,barra pequena,30.00,19.00,156.00
421,Chocolate Ferrero Rocher®,unidade,13.00,6.00,71.00
422,Chocolate Galak®,barra pequena,30.00,15.00,169.00
423,Chocolate Suflair ®,unidade,30.00,15.00,132.00
424,Chocolate Suflair®,unidade,30.00,15.00,132.00
425,Chocolate Talento diet®,barra pequena,25.00,12.00,129.00
426,Chocolate Talento®,1/4 barra,25.00,13.00,137.00
427,Chocolate Talento® diet,barra pequena,25.00,12.00,129.00
428,Chocolate alpino diet Nestlé®,unidade,30.00,17.00,143.00
429,Chocolate ao leite,barra pequena,30.00,18.00,160.00
430,Chocolate ao leite diet,barra pequena,30.00,13.00,157.00
431,Chocolate ao leite diet Gold®,unidade,25.00,14.00,122.00
432,Chocolate caramelo Twix®,unidade,16.00,9.00,77.00
433,Chocolate em pó,colher de sopa,15.00,9.00,52.00
434,Chocolate meio amargo,barra pequena,30.00,17.00,154.00
435,Chocolate quente com leite (Mc’ Donalds®),copo grande,250.00,24.00,178.00
436,Chocotone Bauducco®,01 fatia pequena,100.00,49.00,396.00
437,Chopp escuro,tulipa,290.00,11.00,148.00
438,Chouriço,gomo,60.00,1.00,227.00
439,Chuchu ao molho branco,colher de sopa cheia,30.00,3.00,28.00
440,Chuchu à milanesa,fatia média,70.00,10.00,127.00
441,Chucrute,xícara,120.00,5.00,24.00
442,Churros com doce de leite,unidade aperitivo,30.00,13.00,97.00
443,Chá mate (infusão sem açúcar),xícara de chá cheia,200.00,1.00,6.00
444,Chá sem açúcar (média),xícara de chá cheia,200.00,1.00,4.00
445,Cidra,porção,100.00,10.00,40.00
446,Ciriguela,unidade,20.00,4.00,15.00
447,Coalhada integral Itambé®,pote,130.00,17.00,120.00
448,Coalhada seca natural Alibey ®,colher de sopa,15.00,1.00,19.00
449,Coalhada seca natural Alibey®,colher de sopa,15.00,1.00,19.00
450,Cobertura de chocolate ao leite Garoto®,colher de sopa cheia,25.00,14.00,140.00
451,Coca-Cola®,copo,200.00,20.00,80.00
452,Cocada,unidade média,70.00,37.00,405.00
453,Cocada light Santa Helena®,unidade média,70.00,37.00,405.00
454,Cocada queimada Brasil Caipira®,unidade,20.00,11.00,86.00
455,Coco fresco ralado,xícara,100.00,15.00,354.00
456,"Coco-da-baía, água-de",copo,200.00,10.00,44.00
457,Cogumelo em conserva,colher de sopa,27.00,1.00,5.00
458,Colomba Pascal frutas (Bauducco®),fatia,80.00,41.00,298.00
459,Colomba Pascal gotas de chocolate (Bauducco®),fatia,80.00,40.00,350.00
460,Colomba Pascal salgada,porção,100.00,20.00,228.00
461,Colomba Pascal® salgada,porção,100.00,20.00,228.00
462,Conhaque,dose,50.00,0.00,115.00
463,Cookie aveia e passas (Subway®),unidade,33.00,28.00,190.00
464,Cookie cheescake com framboesa (Subway®),unidade,33.00,28.00,200.00
465,Cookie chocolate  (Subway®),unidade,33.00,29.00,210.00
466,Cookies integral quinua e banana Taeq®,6 unidades,30.00,17.00,123.00
467,Coração de frango,01 unidade média,5.00,0.00,7.00
468,Coração de galinha cozido,unidade média,5.00,0.00,8.00
469,Costela de boi assada,pedaço pequeno,30.00,0.00,136.00
470,Costela de porco defumada,pedaço pequeno,15.00,0.00,62.00
471,Couve (“Kraut”)®,folha média,20.00,1.00,10.00
472,Couve crua,folha média,20.00,1.00,10.00
473,Couve refogada,folha média,25.00,4.00,36.00
474,Couve-flor cozida,ramo médio,60.00,4.00,25.00
475,Couve-flor à milanesa,ramo médio,90.00,11.00,136.00
476,Coxa de frango assada,média,100.00,0.00,215.00
477,Coxinha de frango,unidade grande,110.00,40.00,487.00
478,Coxinha de frango (festa),unidade pequena,10.00,4.00,37.00
479,Cream Cheese,colher de sopa,30.00,1.00,84.00
480,Creme de abacate sem açúcar,colher sopa cheia,25.00,3.00,43.00
481,Creme de amendoim,colher de sopa rasa,20.00,4.00,125.00
482,Creme de leite,colher de sopa rasa,15.00,1.00,46.00
483,Creme de milho,colher de sopa cheia,33.00,5.00,35.00
484,Creme vegetal de chantilly Vigor®,colher de sopa,20.00,2.00,56.00
485,Cremogema chocolate,colher de sopa cheia,20.00,17.00,72.00
486,Crepe de maçã diet,unidade,100.00,18.00,110.00
487,Croissant,unidade grande,80.00,32.00,328.00
488,Croissant de chocolate,unidade pequena,57.00,24.00,237.00
489,Croissant de queijo,unidade média,80.00,32.00,388.00
490,Croquete de Carne,unidade grande,55.00,21.00,190.00
491,Croquete de carne/milho,unidade pequena,10.00,4.00,35.00
492,Cuca alemã,fatia,100.00,33.00,209.00
493,Cup noodles®,unidade comercial,65.00,38.00,300.00
494,Cupuaçu (creme),colher de sopa cheia,20.00,5.00,135.00
495,Curau de milho,2/3 xícara de chá,140.00,33.00,162.00
496,Curry,colher de sopa cheia,9.00,5.00,34.00
497,Cuscuz de milho,pedaço pequeno,85.00,34.00,161.00
498,Cuscuz paulista,01 fatia pequena,80.00,34.00,161.00
499,Damasco seco,01 unidade pequena,7.00,2.00,9.00
500,"Damasco, geléia de",colher de sopa,20.00,13.00,52.00
501,Danette®,unidade,110.00,25.00,166.00
502,Dobradinha,concha pequena,100.00,8.00,111.00
503,Doce de abacaxi,colher de sopa cheia,40.00,32.00,130.00
504,Doce de abóbora cremoso,colher de sopa cheia,40.00,22.00,80.00
505,Doce de abóbora e coco,colher de sopa cheia,40.00,18.00,83.00
506,Doce de arroz de leite,colher de sopa cheia,40.00,13.00,66.00
507,Doce de batata doce,porção pequena,30.00,22.00,121.00
508,Doce de buriti,colher de sopa cheia,50.00,41.00,165.00
509,Doce de cidra,colher de sopa,50.00,20.00,81.00
510,Doce de coco,colher de sopa cheia,40.00,21.00,219.00
511,Doce de cupuaçu,colher de sopa,40.00,30.00,118.00
512,Doce de goiaba,colher de sopa cheia,50.00,21.00,86.00
513,Doce de goiaba em calda Diet House®,colher de sopa,20.00,6.00,23.00
514,Doce de laranja Diet House®,colher de sopa,20.00,2.00,9.00
515,Doce de laranja azeda,colher de sopa cheia,50.00,40.00,153.00
516,Doce de leite,colher de sopa cheia,40.00,22.00,116.00
517,Doce de limão,colher de sopa cheia,50.00,27.00,107.00
518,Doce de mamão verde,colher de sopa,40.00,19.00,78.00
519,Doce de manga,colher de sopa cheia,50.00,27.00,140.00
520,Doce de ovos,colher de sopa cheia,40.00,6.00,52.00
521,Docinhos variados (média),01 unidade média,30.00,16.00,125.00
522,Doriana® cremosa,colher de sopa,10.00,0.00,59.00
523,Doriana® light,colher de sopa,10.00,0.00,32.00
524,Double cheddar (Bob’s®),unidade,210.00,32.00,484.00
525,Double cheddar (Habib’s®),unidade,335.00,35.00,668.00
526,Double cheeseburguer (Bob’s®),unidade,185.00,33.00,512.00
527,Double grill bacon (Bob’s®),unidade,488.00,58.00,1314.00
528,Drops comum,unidade,3.00,3.00,11.00
529,Empada de Palmito,unidade,55.00,14.00,129.00
530,Empada de frango,unidade média,55.00,14.00,197.00
531,Empadinha,unidade pequena,12.00,4.00,56.00
532,Empadão goiano,unidade média,300.00,48.00,618.00
533,Enrolado de Presunto e Queijo,unidade,40.00,15.00,114.00
534,Enrolado de presunto e queijo,unidade média,40.00,15.00,114.00
535,Enrolado de salsicha,unidade média,27.00,3.00,79.00
536,Ervilha em conserva,colher de sopa cheia,27.00,4.00,20.00
537,Ervilha verde cozida,colher de sopa cheia,30.00,4.00,26.00
538,Esfiha de calabresa (Habib’s®),unidade,75.00,17.00,130.00
539,Esfiha de carne aberta,unidade,75.00,18.00,125.00
540,Esfiha de carne fechada,unidade média,80.00,29.00,203.00
541,Esfiha de espinafre (Habib’s®),unidade,80.00,17.00,122.00
542,Esfiha de frango (Habib’s®),unidade,75.00,18.00,115.00
543,Esfiha folhada de cheddar com pepperoni (Habib’s®),unidade,55.00,11.00,201.00
544,Esfiha folhada de chocolate (Habib’s®),unidade,45.00,16.00,199.00
545,Esfiha folhada de chocolate com M&M’s® (Habib’s),unidade,65.00,28.00,295.00
546,Esfiha folhada de chocolate com M&M’s® (Habib’s®),unidade,65.00,28.00,295.00
547,Espinafre cru,colher de sopa cheia,20.00,0.00,4.00
548,Espinafre refogado,colher do sopa cheia,25.00,2.00,27.00
549,Estrogonoff de filé mignon (Backed Potato®),concha,85.00,0.00,146.00
550,Estrogonoffe de carne,colher do sopa cheia,25.00,1.00,39.00
551,Estrogonoffe de frango,colher do sopa cheia,25.00,1.00,43.00
552,Extrato de malte,colher de sopa cheia,15.00,10.00,42.00
553,Falafel,1 porção,100.00,38.00,152.00
554,Falafel (bolinho de grâo de bico),porção,100.00,20.00,155.00
555,Falafel (bolinho de grão de bico),porção,100.00,20.00,155.00
556,Fanta® laranja,copo,200.00,22.00,90.00
557,Farelo de trigo,colher de sopa cheia,9.00,5.00,28.00
558,Farinha de arroz,colher de sopa cheia,17.00,14.00,60.00
559,Farinha de centeio integral,colher de sopa cheia,15.00,11.00,54.00
560,Farinha de mandioca,colher de sopa cheia,16.00,14.00,57.00
561,Farinha de milho,colher de sopa cheia,15.00,12.00,54.00
562,Farinha de milho integral,colher de sopa cheia,15.00,11.00,53.00
563,Farinha de rosca,colher de sopa cheia,15.00,11.00,61.00
564,Farinha de tapioca com coco e açúcar,colher de sopa cheia,25.00,21.00,107.00
565,Farinha de trigo,colher de sopa cheia,20.00,15.00,71.00
566,Farinha d’água-do-pará,copo descartável pequeno,50.00,41.00,166.00
567,Farinha láctea (Nestlé®),colher de sopa rasa,8.00,6.00,30.00
568,Farofa,colher de sopa cheia,15.00,12.00,71.00
569,Farofa com Bacon,01 colher de sopa cheia,45.00,26.00,206.00
570,Farofa com lingüiça,colher de sopa cheia,15.00,7.00,54.00
571,Farofa com tempero/óleo,colher de sopa cheia,15.00,12.00,71.00
572,Farofa de farinha de mandioca,colher de sopa cheia,25.00,20.00,96.00
573,Fatouche,1 porção,100.00,5.00,163.00
574,Feijoada caseira,concha média cheia,225.00,24.00,346.00
575,Feijão branco cozido,colher de sopa cheia,17.00,4.00,20.00
576,Feijão carioquinha cozido,colher de sopa cheia,17.00,3.00,19.00
577,Feijão preto cozido,colher de sopa cheia,17.00,2.00,12.00
578,Feijão tropeiro,colher de sopa cheia,15.00,7.00,50.00
579,Feijão-fradinho,colher de sopa cheia,17.00,2.00,13.00
580,Fermento biológico,tablete,15.00,1.00,14.00
581,Fermento em pó,colher de sopa rasa,10.00,4.00,17.00
582,Fettuccine,01 pegador,110.00,24.00,150.00
583,Fettuccine a bolonhesa (Perdigão®),porção,350.00,49.00,458.00
584,Figo,unidade média,55.00,8.00,38.00
585,Figo cristalizado,unidade,30.00,22.00,86.00
586,Figo enlatado em calda,unidade,20.00,10.00,38.00
587,File ao molho  madeira,01 unidade pequena,180.00,12.00,227.00
588,Filé a parmeggiana,01 unidade pequena,150.00,13.00,490.00
589,Flocos de milho,colher de sopa,10.00,9.00,38.00
590,Focaccia,fatia,50.00,22.00,136.00
591,Fogazza de calabresa (Habib’s®),unidade,70.00,22.00,186.00
592,Fogazza de mussarela (Habib’s®),unidade,70.00,21.00,200.00
593,Folhado de frango,unidade média,40.00,9.00,109.00
594,Fondue de carne,bife médio,90.00,0.00,180.00
595,Fondue de chocolate,colher sopa,30.00,15.00,105.00
596,Fondue de queijo (Gramado®),colher de sopa (molho),30.00,1.00,70.00
597,Framboesa,unidade média,15.00,2.00,8.00
598,"Framboesa, doce em pasta",colher de sopa cheia,50.00,35.00,143.00
599,"Framboesa, geléia de",colher de sopa cheia,34.00,24.00,97.00
600,Frango assado,sobrecoxa média,65.00,0.00,78.00
601,Frango com requeijão (Backed Potato®),concha,85.00,0.00,110.00
602,Frango cozido,sobrecoxa média,65.00,0.00,82.00
603,Frango filé cozido,filé pequeno,100.00,0.00,163.00
604,Frango frito,sobrecoxa média,65.00,0.00,94.00
605,Frango à milanesa,filé pequeno,100.00,14.00,311.00
606,Franlitos (Bob’s®),porção de 6 unidades,120.00,28.00,272.00
607,Frigideira de repolho com camarão seco,colher de sopa,25.00,1.00,25.00
608,Fruta - pão,unidade,100.00,24.00,96.00
609,Fruta-de-conde ou pinha,unidade pequena,60.00,8.00,41.00
610,Frutas cristalizadas industrializadas,colher de sopa cheia,15.00,12.00,48.00
611,Fubá,colher de sopa cheia,20.00,16.00,71.00
612,Funghi,colher de sopa cheia,20.00,10.00,71.00
613,Fígado de boi grelhado,bife médio,100.00,4.00,225.00
614,Fígado de galinha cru,unidade média,30.00,1.00,53.00
615,Galeto assado,pedaço pequeno,95.00,0.00,115.00
616,Galinha ao molho pardo,pedaço médio,95.00,1.00,150.00
617,Galinhada com pequi,colher de servir,60.00,13.00,108.00
618,Gatorade® - média sabores,garrafa,500.00,24.00,120.00
619,Gelatina de frutas em pó,colher de sopa cheia,25.00,22.00,97.00
620,Gelatina diet em pó,colher de sopa cheia,14.00,0.00,1.00
621,Gelatina em pó com açúcar,colher de sopa cheia,14.00,12.00,55.00
622,Gelatina light  morango preparada,colher de sopa cheia,25.00,0.00,3.00
623,Geléia Hainich,colher de sopa,20.00,9.00,40.00
624,Geléia de damasco diet,colher de sopa rasa,22.00,6.00,19.00
625,Geléia de frutas (média),colher de sopa cheia,30.00,18.00,74.00
626,Geléia de mocotó,colher de sopa cheia,40.00,12.00,64.00
627,Geléia de mocotó dietética,colher de sopa cheia,40.00,2.00,22.00
628,Geléia de morango diet,colher de sopa rasa,22.00,6.00,25.00
629,Gengibre em pó,colher de sopa cheia,15.00,11.00,52.00
630,Germen de trigo,colher de sopa cheia,10.00,4.00,37.00
631,Glucose de milho,colher de sobremesa,9.00,6.00,26.00
632,Goiaba,unidade média,170.00,20.00,96.00
633,Goiabada,fatia pequena,40.00,27.00,109.00
634,Goma de tapioca,colher de sopa cheia,20.00,11.00,46.00
635,Gordura vegetal hidrogenada,colher de sopa cheia,14.00,0.00,126.00
636,Gorgonzola (Backed Potato®),concha,60.00,0.00,288.00
637,Gran picanha 100g (Bob’s®),unidade,233.00,27.00,526.00
638,Gran picanha 200g (Bob’s®),unidade,348.00,27.00,755.00
639,Granola,colher de sopa cheia,11.00,7.00,51.00
640,Graviola,porção,100.00,16.00,62.00
641,Grão-de-bico cozido,colher de sopa cheia,22.00,4.00,25.00
642,Guaraná Jesus®,lata,350.00,42.00,168.00
643,Guaraná Kuat®,copo duplo,240.00,25.00,98.00
644,Guaraná diet,copo duplo,240.00,0.00,0.00
645,Guaraná refrigerante,copo duplo,240.00,24.00,96.00
646,Guariroba,colher de sopa cheia,15.00,2.00,10.00
647,Guariroba refogada,2 colheres de sopa cheias,60.00,1.00,22.00
648,Hamburguer (Mc’ Donalds®),unidade,,29.00,245.00
649,Hamburguer - sanduíche,unidade,125.00,40.00,301.00
650,Hamburguer de carne bovina,unidade média,56.00,2.00,139.00
651,Hamburguer de frango,unidade média,56.00,2.00,131.00
652,Hamburguer de peru,unidade média,56.00,0.00,82.00
653,Hamburguer simples,unidade,,29.00,245.00
654,Harumaki de carne,unidade,50.00,8.00,103.00
655,Harumaki filadélfia,unidade,50.00,8.00,158.00
656,Herbalife de baunilha,colher de sopa cheia,15.00,7.00,51.00
657,Hipoglosso (peixe) cozido,filé médio,100.00,0.00,127.00
658,Homus,colher de sopa cheia,30.00,14.00,94.00
659,Homus (Habib’s®),porção,240.00,34.00,360.00
660,Hossomaki de atum,unidade,110.00,26.00,164.00
661,Hossomaki de pepino,unidade,110.00,26.00,123.00
662,Hossomaki de salmão,unidade,110.00,26.00,155.00
663,"Inhame, raiz sem casca de (picado)",colher de sopa cheia,35.00,8.00,37.00
664,Iogurte Activia® light,pote,100.00,11.00,62.00
665,Iogurte Activia® natural,pote,170.00,12.00,132.00
666,Iogurte Activia® original,pote,100.00,16.00,110.00
667,Iogurte Corpus® de morango light,garrafinha,170.00,8.00,69.00
668,Iogurte Dan up®,garrafinha,180.00,28.00,157.00
669,Iogurte Grego Nestlé® light,pote,90.00,10.00,78.00
670,Iogurte Grego Nestlé® tradicional,pote,100.00,15.00,113.00
671,Iogurte Grego Vigor®,pote,100.00,16.00,151.00
672,Iogurte Grego Vigor® zero,pote,100.00,5.00,49.00
673,Iogurte Molico® total cálcio líquido (média),garrafinha,170.00,8.00,73.00
674,Iogurte Molico® total cálcio polpa (média),pote,100.00,6.00,42.00
675,Iogurte de frutas (média),pote,100.00,17.00,90.00
676,Iogurte de frutas light (média),pote,100.00,7.00,42.00
677,Iogurte natural c/ mel,copo,200.00,36.00,225.00
678,Iogurte natural desnatado (Fiore®),copo,140.00,6.00,45.00
679,Iogurte natural desnatado (média),copo,185.00,12.00,85.00
680,Iogurte natural integral (média),copo,200.00,12.00,142.00
681,Iogurte petit suisse (média),unidade,45.00,9.00,71.00
682,Isca de carne de porco,colher de sopa cheia,30.00,0.00,67.00
683,Isca frita de pirarucu,escumadeira cheia,100.00,16.00,258.00
684,Jabuticaba,unidade,5.00,1.00,2.00
685,Jaca,bago médio,12.00,1.00,3.00
686,Jambo,unidade média,40.00,5.00,22.00
687,Jambu cozido,colher de sopa cheia,15.00,2.00,8.00
688,Jamelão ou jambolão,unidade média,10.00,1.00,4.00
689,Jaraqui cru,pedaço médio,100.00,0.00,129.00
690,Jenipapo,pedaço médio,100.00,26.00,113.00
691,Jiló,colher (sopa) cheia,60.00,5.00,31.00
692,Joelho de porco (Einsbein®),porção,100.00,0.00,215.00
693,Kafta na bandeja (Habib’s®),porção,250.00,14.00,300.00
694,Kani kama cru,unidade,16.00,0.00,13.00
695,Kanimaki,unidade,15.00,4.00,20.00
696,Kappamaki de pepino,unidade,15.00,4.00,18.00
697,Karo,colher de sopa cheia,15.00,12.00,49.00
698,Kasespatzle (macarrão com queijo),pegador,130.00,20.00,198.00
699,Kasespatzle® (macarrão com queijo),pegador,130.00,20.00,198.00
700,Ketchup de tomate,colher de sopa cheia,20.00,5.00,23.00
701,Kinder ovo® maxi (Ovo de Páscoa),porção,25.00,13.00,143.00
702,Kiwi,unidade média,76.00,11.00,51.00
703,Lagosta à Thermidor,porção,100.00,13.00,460.00
704,Lagosta à Thermidor®,porção,100.00,13.00,460.00
705,Laranja lima,unidade média,90.00,10.00,41.00
706,Lasanha de bacalhau e espinafre,porção,200.00,42.00,503.00
707,Lasanha à bolonhesa,escumadeira,170.00,27.00,355.00
708,Leite condensado,colher de sopa,15.00,8.00,49.00
709,Leite condensado desnatado,colher de sopa,15.00,9.00,42.00
710,Leite de cabra integral,copo duplo cheio,240.00,13.00,223.00
711,Leite de coco industrializado,garrafa pequena,200.00,11.00,516.00
712,Leite de coco industrializado light,garrafa pequena,200.00,6.00,250.00
713,Leite de soja Ades®,copo,200.00,8.00,82.00
714,Leite de soja zero Ades®,copo,200.00,3.00,59.00
715,Leite de vaca desnatado,copo duplo cheio,240.00,12.00,84.00
716,Leite de vaca desnatado em pó,colher (sopa) cheia,10.00,5.00,35.00
717,Leite de vaca integral  em pó,colher (sopa) cheia,16.00,6.00,80.00
718,Leite de vaca integral pasteurizado,copo duplo cheio,240.00,12.00,141.00
719,Lentilha cozida,colher sopa cheia,18.00,3.00,19.00
720,Licor,cálice,20.00,6.00,62.00
721,Limonada s/ açúcar,copo,200.00,10.00,28.00
722,Limão,colher de sopa cheia,12.00,1.00,4.00
723,"Limão, geléia de",colher de sopa cheia,15.00,1.00,7.00
724,Linguado assado,posta média,120.00,0.00,140.00
725,Linguiça calabresa,unidade,40.00,0.00,146.00
726,Linguiça calabresa defumada,unidade,40.00,0.00,146.00
727,Linguiça de frango,gomo,60.00,0.00,146.00
728,Linguiça de peru,gomo,60.00,0.00,83.00
729,Linguiça paio,unidade,160.00,0.00,363.00
730,Linguiça toscana (Aurora®),1/2 unidade,50.00,1.40,100.00
731,Lombo (ao Vinho),01 fatia média,80.00,6.00,440.00
732,Lombo de porco assado,pedaço grande,120.00,0.00,252.00
733,Lombo de vitela assado/ cozido,pedaço médio,50.00,0.00,113.00
734,Lula cozida,unidade média,80.00,0.00,74.00
735,Língua de boi cozida,fatia média,30.00,0.00,94.00
736,Língua de gato Kompenhagen®,unidade,6.00,3.00,36.00
737,M&M ́s® amendoim,colher de sopa,12.00,8.00,64.00
738,M&M ́s® chocolate,colher de sopa,12.00,9.00,61.00
739,M&M®,colher de sopa,12.00,9.00,61.00
740,Macadâmica natural,colher de sopa,15.00,3.00,97.00
741,Macarrão ao alho e óleo,escumadeira cheia,110.00,35.00,241.00
742,Macarrão caseiro cozido,colher de arroz cheia,50.00,11.00,54.00
743,Macarrão cremoso com frutos do mar,porção,110.00,80.00,692.00
744,Macarrão instantâneo Maggi® lámen queijo,pacote,80.00,50.00,370.00
745,Macarrão mini fusilli picolini Barrila®,prato,80.00,59.00,280.00
746,Macarrão à bolonhesa,escumadeira cheia,110.00,22.00,136.00
747,Macaxeira cozida (mandioca),pedaço grande,100.00,30.00,125.00
748,Macaúba crua,2 unidades,100.00,14.00,404.00
749,Maionese de legumes,01 colher de sopa cheia,38.00,6.00,51.00
750,Maizena,colher de sopa cheia,20.00,17.00,70.00
751,Mamão formosa,fatia média,100.00,12.00,45.00
752,Mamão papaya,meia unidade,160.00,16.00,64.00
753,"Mamão verde, doce de",colher de sopa cheia,40.00,19.00,78.00
754,Mandioca cozida (picada),colher de sopa cheia,30.00,9.00,37.00
755,Mandioca frita,pedaço grande,100.00,50.00,300.00
756,Mandioquinha,colher de sopa,25.00,5.00,20.00
757,Manga espada,unidade média,140.00,22.00,91.00
758,Manjar,fatia média,90.00,36.00,255.00
759,Manjar branco,fatia média,90.00,36.00,255.00
760,Manteiga,colher de sopa cheia,32.00,0.00,235.00
761,Mané pelado,pedaço médio,70.00,37.00,226.00
762,Maracujá,unidade média,45.00,6.00,31.00
763,Margarina,colher de sopa cheia,32.00,0.00,219.00
764,Maria mole,porção,44.00,33.00,132.00
765,Marmelada,fatia média,60.00,40.00,158.00
766,Marreco recheado assado,1/4 unidade,100.00,3.00,258.00
767,Marron-glacê,fatia média,60.00,35.00,149.00
768,Marshmelow Dr. Oetker®,colher de sopa cheia,10.00,9.00,40.00
769,Martini,dose,50.00,2.00,41.00
770,Massa fresca semipronta para pizza,unidade (inteira),140.00,80.00,441.00
771,Massa fresca semipronta para pizza brotinho,unidade,40.00,23.00,126.00
772,Massa pronta para pastel,2 discos de massa,30.00,16.00,83.00
773,Matrinxã inteiro cru,pedaço médio,100.00,0.00,246.00
774,Maçã com casca,unidade pequena,90.00,14.00,58.00
775,Maçã do amor,unidade,100.00,79.00,314.00
776,"Maçã, suco de",copo,200.00,22.00,97.00
777,McChicken (Mc’ Donalds®),unidade,177.00,40.00,424.00
778,McColosso caramelo (Mc’ Donalds®),unidade,142.00,52.00,291.00
779,McColosso chocolate  (Mc’ Donalds®),unidade,137.00,47.00,274.00
780,McFish (Mc’ Donalds®),unidade,151.00,37.00,362.00
781,McFlurry ovomaltine (Mc’ Donalds®),unidade,200.00,68.00,425.00
782,McNuggets 10 (Mc’ Donalds®),porção de 10 unidades,166.00,27.00,431.00
783,McNuggets 4 (Mc’ Donalds®),porção de 4 unidades,66.00,11.00,173.00
784,McNuggets 6 (Mc’ Donalds®),porção de 6 unidades,,16.00,259.00
785,McNífico (Mc’ Donalds®),unidade,282.00,37.00,600.00
786,Melabie,1 porção,100.00,25.00,162.00
787,Melado,colher de sopa,16.00,12.00,47.00
788,Melancia,fatia média,200.00,11.00,48.00
789,Melão,fatia grande,115.00,7.00,32.00
790,Melão cantalupo,porção,100.00,8.00,34.00
791,Melão gaúcho,fatia pequena,100.00,7.00,29.00
792,Merengue de morango,porção média,60.00,52.00,214.00
793,Merluza assada,filé médio,100.00,0.00,122.00
794,Michui de Filé Mingnon,1 porção,100.00,2.00,88.00
795,Michui de Frango,1 porção,100.00,2.00,90.00
796,Michui de frango,porção,100.00,1.00,132.00
797,Milho em espiga com 1 c.sobremesa de  manteiga,unidade,100.00,32.00,233.00
798,Milho verde,unidade grande,100.00,29.00,138.00
799,Milho verde em conserva enlatado,colher de sopa cheia,24.00,5.00,23.00
800,Milk shake clássico de chocolate (Bob’s®),copo grande,700.00,177.00,846.00
801,Milk shake clássico de morango (Bob’s®),copo grande,700.00,136.00,734.00
802,Milk shake crocante de ovomaltine (Bob’s®),copo grande,700.00,157.00,852.00
803,Milk shake de baunilha,copo de milk shake,290.00,51.00,330.00
804,Milk shake de chocolate,copo de milk shake,290.00,61.00,350.00
805,Minestrone (sopa),porção,300.00,23.00,283.00
806,Mingau (média),colher de sopa cheia,37.00,8.00,50.00
807,Mini Bomba de Caramelo,unidade,10.00,3.00,25.00
808,Mini Bomba de Chocolate,unidade,10.00,2.00,23.00
809,Mini Torta de Limão,unidade,10.00,5.00,32.00
810,Mini Torta de Maçã,unidade,10.00,3.00,21.00
811,Mini Torta de Morango,unidade,10.00,3.00,21.00
812,Mini bolacha sabor chocolate Trakinas®,unidade,12.00,8.00,58.00
813,Mini bomba de avelã Cristallo®,unidade,15.00,6.00,41.00
814,Mini bomba de chocolate Cristallo®,unidade,15.00,6.00,43.00
815,Mini cenouras,xícara de café,125.00,13.00,54.00
816,Mini churro de doce de Leite (Habib’s®),unidade,20.00,9.00,56.00
817,Mini hamburguinho,unidade,60.00,15.00,123.00
818,Mini hot dog,unidade,60.00,15.00,165.00
819,Mini kibe frito de cremilly (Habib’s®),unidade,45.00,8.00,101.00
820,Mini pizza,unidade,60.00,20.00,182.00
821,Miojo sabor carne suave Nissin®,pacote,85.00,49.00,374.00
822,Miojo sabor galinha Nissin®,pacote,85.00,50.00,369.00
823,Miojo sabor legumes Nissin®,pacote,85.00,51.00,372.00
824,Miolos,colher de sopa cheia,25.00,0.00,30.00
825,Missoshiro,porção,300.00,9.00,70.00
826,Misto-quente,unidade,85.00,29.00,283.00
827,Mix de frutas desidratadas Frutolla®,2 colheres de sopa,25.00,6.00,34.00
828,"Miúdos de boi (dobradinha, livrelho)",colher de sopa cheia,35.00,0.00,44.00
829,Mjadra,1 porção,52.00,52.00,314.00
830,Moela,unidade média,18.00,0.00,29.00
831,Molho agridoce (Mc’ Donalds®),porção,28.00,10.00,45.00
832,Molho barbecue  MasterFoods®,2 colheres de sopa,25.00,5.00,18.00
833,Molho barbecue (Mc’ Donalds®),porção,28.00,10.00,46.00
834,Molho branco,colher de sopa,35.00,5.00,70.00
835,Molho caipira (Mc’ Donalds®),porção,28.00,6.00,50.00
836,Molho caseiro azeite/vinagre,colher de sopa cheia,13.00,0.00,113.00
837,Molho de alho calve,colher de sopa cheia,15.00,2.00,55.00
838,Molho de iogurte,01 colher de sopa,15.00,2.00,12.00
839,Molho de mostarda light,colher de sopa,15.00,1.00,10.00
840,Molho de pimenta,colher de sopa cheia,35.00,3.00,12.00
841,Molho de queijo com ervas light,colher de sopa,13.00,1.00,8.00
842,Molho de tomate sabor pizza Pomarola®,colher de sopa,20.00,2.00,8.00
843,Molho de tomate tradicional  340g Fugini®,colher de sopa,20.00,3.00,13.00
844,Molho de tomate tradicional  340g Tarantella®,colher de sopa,20.00,2.00,8.00
845,Molho de tomate tradicional 340g Pomarola®,colher de sopa,20.00,2.00,8.00
846,Molho inglês,colher de sopa cheia,6.00,1.00,6.00
847,Molho madeira Uncle Ben’s®,colher de sopa,30.00,3.00,13.00
848,Molho para carnes madeira 340g Predilecta®,3 colheres de sopa,60.00,5.00,23.00
849,Molho para salada tipo caesar  Masterfoods®,colher de sopa,13.00,2.00,25.00
850,Molho pesto Genovese 190 g Barilla®,3 colheres de sopa,60.00,2.00,320.00
851,Molho pra salada tipo caesar ( Masterfoods®),colher de sopa,13.00,2.00,25.00
852,Molho pronto de pesto Hemmer®,colher de sopa,20.00,2.00,105.00
853,Molho shoyo,colher de sopa,6.00,1.00,5.00
854,Molho tártaro gourmet,colher de sopa,20.00,1.00,105.00
855,Molho vermelho light,colher de sobremesa,14.00,1.00,10.00
856,Molho à bolonhesa,colher de sopa cheia,22.00,2.00,41.00
857,Mondongo (dobradinha),concha pequena,100.00,8.00,111.00
858,Moqueca de ovos,porção,85.00,3.00,116.00
859,Moqueca de peixe,porção,185.00,4.00,218.00
860,Morango,unidade média,12.00,1.00,5.00
861,Mortadela,fatia média,15.00,0.00,41.00
862,Mostarda folha cozida,colher de sopa cheia,45.00,2.00,12.00
863,Mousse de chocolate,colher de sopa cheia,25.00,8.00,79.00
864,Mousse de maracujá,colher de sopa cheia,35.00,11.00,100.00
865,Mucilon de arroz,colher de sopa cheia,9.00,8.00,34.00
866,Mucilon de milho,colher de sopa cheia,9.00,8.00,34.00
867,Muffin de banana Suavipan®,unidade,40.00,20.00,141.00
868,Mungunzá,concha,150.00,29.00,150.00
869,Nabo cozido (picado),colher de sopa cheia,18.00,1.00,5.00
870,Namorado cozido,filé médio,100.00,0.00,121.00
871,Nectarina,unidade média,100.00,12.00,49.00
872,Nescau®,colher de sopa cheia,16.00,14.00,61.00
873,Nesquick em pó Nestlé®,colher de sopa cheia,16.00,15.00,63.00
874,"Nesquick® preparado, caixinha de",1 unidade,200.00,29.00,170.00
875,Neston®,colher de sopa cheia,8.00,6.00,29.00
876,Nhoque,01 escumadeira cheia,100.00,21.00,120.00
877,Niguiri sushi de atum,unidade,30.00,10.00,59.00
878,Niguiri sushi de kani,unidade,30.00,10.00,51.00
879,Niguiri sushi de salmão,unidade,30.00,10.00,57.00
880,Ninho® soleil morango (bebida láctea),unidade,200.00,31.00,170.00
881,Nozes,01 unidade média,5.00,1.00,35.00
882,Nuggets de frango tradicional Sadia®,unidade,25.00,3.00,53.00
883,Nuggets de legumes Sadia®,unidade,21.00,5.00,36.00
884,Nuggets de peixe Sadia®,unidade,23.00,4.00,41.00
885,Nutella®,colher de sopa,20.00,11.00,106.00
886,Néctar de manga Dell Valle®,caixinha,200.00,30.00,118.00
887,Nêspera,unidade grande,40.00,4.00,20.00
888,Olho de Sogra,unidade,10.00,5.00,34.00
889,Omelete,um ovo,65.00,2.00,110.00
890,Onion rings (Burguer King®),porção,,5.00,319.00
891,Ovo de Páscoa (média),1 pedaço médio,25.00,15.00,134.00
892,Ovo de Páscoa Amandita®,porção,25.00,15.00,135.00
893,Ovo de Páscoa Bis®,porção,25.00,15.00,130.00
894,Ovo de Páscoa Ferrero Rocher®,porção,25.00,9.00,151.00
895,Ovo de Páscoa Kinder Ovo Maxi ®,porção,25.00,13.00,143.00
896,Ovo de Páscoa Kinder Ovo Maxi®,porção,25.00,13.00,143.00
897,Ovo de Páscoa Lacta Diet®,porção,25.00,15.00,111.00
898,Ovo de Páscoa Lacta®,porção,25.00,15.00,131.00
899,Ovo de Páscoa Lacta® Diet,porção,25.00,15.00,111.00
900,Ovo de Páscoa Shot®,porção,25.00,14.00,134.00
901,Ovo de Páscoa Sonho de Valsa®,porção,25.00,15.00,134.00
902,Ovo de codorna,unidade,10.00,0.00,16.00
903,Ovo de galinha inteiro (cozido),unidade média,45.00,0.00,71.00
904,"Ovo de galinha, clara cozida",unidade média,30.00,0.00,15.00
905,"Ovo de galinha, gema cozida",unidade média,15.00,0.00,53.00
906,Ovo de páscoa Diamante Negro®,porção,25.00,16.00,128.00
907,Ovomaltine®,colher de sopa cheia,14.00,12.00,53.00
908,Pacu inteiro cru,pedaço médio,100.00,0.00,292.00
909,Paio,unidade,160.00,5.00,363.00
910,Palmito em conserva,colher de sopa cheia,15.00,1.00,3.00
911,Pamonha,unidade,160.00,69.00,413.00
912,Pamonha doce,unidade pequena,130.00,47.00,335.00
913,Panettone frutas,fatia pequena,25.00,14.00,88.00
914,Panqueca carne,unidade média,80.00,18.00,229.00
915,Panqueca de batata (Kartoffelpuffer®),unidade média,30.00,22.00,97.00
916,Papinha de banana e aveia Nestlé®,pote,120.00,24.00,104.00
917,Papinha de carne com legumes Nestlé®,pote,155.00,9.00,83.00
918,Pasta de atum,colher de sopa cheia,35.00,2.00,112.00
919,Pasta de tofu,colher de sopa cheia,26.00,2.00,45.00
920,Pastel de belém (Habib ́s®),unidade,50.00,14.00,107.00
921,Pastel de carne,unidade média,32.00,5.00,84.00
922,Pastel de queijo,unidade média,25.00,5.00,75.00
923,Pastel de queijo de forno,unidade grande,40.00,15.00,185.00
924,Pastel português,unidade média,35.00,10.00,149.00
925,Pastelzinho,unidade pequena,8.00,3.00,24.00
926,Pato no tucupi assado,sobrecoxa,100.00,3.00,303.00
927,"Patê de Foie Gras, enlatado, defumado",01 colher de chá cheia,8.00,0.00,22.00
928,Patê de atum Coqueiro®,colher de chá,10.00,0.00,17.00
929,Patê de atum ligth Gomes da Costa®,colher de chá,10.00,1.00,12.00
930,Patê de frango com ervas finas  Excelsior®,colher de chá,10.00,1.00,20.00
931,Patê de peito de peru defumado Sadia®,colher de chá,10.00,0.00,22.00
932,Patê de salmão Gomes da Costa®,colher de chá,10.00,0.00,15.00
933,Pavê de chocolate,pedaço médio,85.00,16.00,154.00
934,Pavê de chocolate branco Amor aos Pedaços®,fatia,60.00,20.00,208.00
935,Pavê de cholocale ao leite,2 colheres de sopa cheias,85.00,34.00,200.00
936,Paçoca,unidade,30.00,20.00,115.00
937,Paçoca diet Airon®,unidade,20.00,7.00,79.00
938,Peito de peru defumado Perdigão®,fatia,25.00,0.00,41.00
939,Peito de peru defumado ligth Sadia®,fatia,20.00,0.00,21.00
940,Peixe de água doce cozido (média),filé médio,120.00,0.00,117.00
941,Peixe do mar cozido (média),filé médio,120.00,0.00,117.00
942,Peixe grelhado,1 posta ou filé,100.00,0.00,180.00
943,Peixe na telha,posta média,230.00,7.00,262.00
944,Pepino com casca (picles),1/4 xícara de chá,50.00,2.00,12.00
945,Pepino cru,fatia pequena,3.00,0.00,1.00
946,Pequi refogado,4 unidades médias,70.00,9.00,143.00
947,Pernil assado,1 fatia,100.00,1.70,94.00
948,Pernil suíno temperado seara®,2 1/2 fatia,100.00,2.00,140.00
949,Peru (carne branca assada),pedaço médio,32.00,0.00,57.00
950,Pescada inteira crua,pedaço médio,100.00,0.00,111.00
951,Pessego em calda,01 metade,30.00,6.00,25.00
952,Picolé abacaxi Kibon®,unidade,59.00,16.00,65.00
953,Picolé chicabon Kibon®,unidade,65.00,19.00,106.00
954,Picolé de coco la frutta Nestlé®,unidade,58.00,13.00,90.00
955,Picolé de morango la frutta Nestlé®,unidade,60.00,8.00,36.00
956,Picolé de uva la frutta Nestlé®,unidade,61.00,15.00,62.00
957,Picolé fruttare limão Kibon®,unidade,58.00,13.00,51.00
958,Picolé mega clássico Nestlé®,unidade,77.00,22.00,238.00
959,Picolé mega trufas Nestlé®,unidade,77.00,27.00,258.00
960,Pimenta-malagueta,colher de sopa cheia,15.00,1.00,6.00
961,Pimentão,colher de sopa cheia,13.00,1.00,7.00
962,Pinhão,01 unidade média,10.00,5.00,25.00
963,Pinhão cozido,unidade,10.00,4.00,17.00
964,Pipoca doce,saco médio,20.00,20.00,95.00
965,Pipoca no óleo/manteiga com sal,saco médio,20.00,14.00,90.00
966,Pipoca salgada,saco médio,20.00,14.00,90.00
967,Piquiá,unidade pequena,50.00,15.00,179.00
968,Pirarucu,filé médio,100.00,0.00,120.00
969,Pirarucu de casaca,escumadeira cheia,110.00,25.00,293.00
970,Pirulito,unidade,20.00,19.00,74.00
971,Pirão de farinha de mandioca,colher de sopa cheia,30.00,9.00,36.00
972,Pistache,unidade,1.00,0.00,4.00
973,Pitanga,unidade,15.00,1.00,7.00
974,Pitaya,unidade,200.00,14.00,84.00
975,Pizza Brasileira,fatia média,111.00,25.00,268.00
976,Pizza Califórnia,fatia média,100.00,26.00,213.00
977,Pizza Napolitana,fatia média,100.00,20.00,207.00
978,Pizza Toscana,fatia média,100.00,20.00,227.00
979,Pizza Vegetariana,fatia média,111.00,22.00,192.00
980,Pizza de Alcachofra,fatia média,100.00,21.00,273.00
981,Pizza de Escarola,fatia média,100.00,22.00,294.00
982,Pizza de Prestígio,fatia média,100.00,55.00,420.00
983,Pizza de Romeu e Julieta,fatia média,100.00,27.00,266.00
984,Pizza de Rúcula,fatia média,100.00,22.00,255.00
985,Pizza de atum,fatia média,100.00,21.00,258.00
986,Pizza de bacon,fatia média,100.00,22.00,288.00
987,Pizza de bacon com requeijão,fatia média,123.00,26.00,244.00
988,Pizza de banana com canela,fatia média,100.00,40.00,207.00
989,Pizza de brigadeiro,fatia média,100.00,59.00,402.00
990,Pizza de calabresa,fatia média,100.00,21.00,240.00
991,Pizza de camarão,fatia média,100.00,21.00,268.00
992,Pizza de champignon,fatia média,100.00,22.00,222.00
993,Pizza de chocolate ao leite,fatia média,100.00,54.00,483.00
994,Pizza de chocolate branco,fatia média,100.00,41.00,443.00
995,Pizza de doce de leite,fatia média,100.00,51.00,423.00
996,Pizza de frango,fatia média,100.00,22.00,229.00
997,Pizza de frango com catupiry,fatia média,111.00,25.00,274.00
998,Pizza de marguerita,fatia média,119.00,27.00,274.00
999,Pizza de mussarela,fatia média,100.00,22.00,278.00
1000,"Pizza de mussarela de búfala, rúcula e tomate seco",fatia média,100.00,22.00,165.00
1001,Pizza de palmito com mussarela,fatia média,100.00,25.00,220.00
1002,Pizza de pepperoni,fatia média,102.00,26.00,274.00
1003,Pizza de portuguesa,fatia média,125.00,24.00,246.00
1004,Pizza de quatro queijos,fatia média,100.00,27.00,277.00
1005,Polenguinho,unidade,20.00,0.00,67.00
1006,Polenta com molho de carne,escumadeira,100.00,8.00,59.00
1007,Polenta cozida,pedaço médio,30.00,3.00,20.00
1008,Polenta frita,pedaço pequeno,20.00,2.00,18.00
1009,Polenta mole,01 concha pequena,100.00,8.00,59.00
1010,Polpetone a parmeggiana,01 unidade,150.00,12.00,280.00
1011,Polvilho,colher de sopa cheia,16.00,14.00,56.00
1012,Polvo cru,porção,200.00,4.00,160.00
1013,Porco frito com rodelas de limão,porção,100.00,0.00,311.00
1014,Prato do chef picanha 160g (Bob’s®),porção,300.00,29.00,608.00
1015,Prato primavera (Habib’s®),unidade,435.00,27.00,460.00
1016,Prato verão (Habib’s®),unidade,330.00,35.00,420.00
1017,Premium salad (Mc’Donalds®),porção,,3.00,104.00
1018,Premium salad crispy (Mc’Donalds®),porção,,17.00,317.00
1019,Premium salad grill (Mc’Donalds®),porção,,3.00,227.00
1020,Presunto cozido,fatia média,15.00,0.00,22.00
1021,Presunto de peru,fatia média,15.00,0.00,15.00
1022,Pringles® original,unidade,2.00,1.00,10.00
1023,Pringles® sabor cebola,unidade,2.00,1.00,10.00
1024,Pudim de leite,fatia média,50.00,12.00,91.00
1025,Pudim de passas,fatia média,50.00,14.00,95.00
1026,Pudim de tapioca,fatia grande,110.00,19.00,263.00
1027,Pudim de tapioca com leite condensado,fatia grande,90.00,40.00,150.00
1028,Pupunha,unidade média,25.00,5.00,41.00
1029,Purê de batata,colher de sopa cheia,45.00,8.00,56.00
1030,Purê de inhame,colher de sopa cheia,40.00,7.00,49.00
1031,Purê de tomate,colher de sopa cheia,45.00,5.00,22.00
1032,Pão alemão integral  (Wickbold®),1/2 unidade,50.00,17.00,99.00
1033,Pão careca doce,unidade,50.00,28.00,134.00
1034,Pão colonial italiano,fatia grande,50.00,27.00,128.00
1035,Pão com tucumã,unidade,85.00,28.00,241.00
1036,Pão de batata-inglesa,unidade média,50.00,29.00,137.00
1037,Pão de cachorro-quente,unidade,58.00,31.00,170.00
1038,Pão de centeio integral,unidade média,50.00,23.00,116.00
1039,Pão de forma branco,unidade,25.00,12.00,62.00
1040,Pão de forma de aveia,unidade,25.00,11.00,59.00
1041,Pão de forma de centeio,unidade,27.00,13.00,75.00
1042,Pão de hambúrguer,unidade,70.00,40.00,188.00
1043,Pão de leite,unidade,54.00,30.00,149.00
1044,Pão de mel,unidade média,15.00,13.00,76.00
1045,Pão de mel doce de leite Cacau Show®,unidade,50.00,30.00,190.00
1046,Pão de milho caseiro,fatia média,70.00,43.00,200.00
1047,Pão de milho com 50% de farinha de trigo,unidade,70.00,42.00,204.00
1048,Pão de milho de forma Panco®,unidade,32.00,19.00,96.00
1049,Pão de milho industrializado,unidade,70.00,43.00,201.00
1050,Pão de passas,unidade,50.00,26.00,136.00
1051,Pão de queijo,unidade pequena,20.00,9.00,87.00
1052,Pão de queijo light Forno de Minas®,unidade média,27.00,9.00,55.00
1053,Pão de torresmo,fatia,70.00,33.00,375.00
1054,Pão doce,unidade,50.00,28.00,134.00
1055,Pão francês,unidade,50.00,28.00,135.00
1056,Pão italiano,01 fatia,50.00,28.00,125.00
1057,Pão ligth de quinua Sonda®,2 fatias,50.00,21.00,114.00
1058,Pão sírio Pita Bread®,unidade média,58.00,33.00,158.00
1059,Pão sírio integral Pita Bread®,unidade,53.00,11.00,53.00
1060,Pé-de-moleque,unidade média,17.00,10.00,88.00
1061,Pé-de-moleque (Norte),pedaço médio,100.00,45.00,336.00
1062,Pé-de-moleque Santa Helena*®,unidade,17.00,10.00,88.00
1063,Pé-de-moleque diet Airon®,unidade média,14.00,6.00,61.00
1064,Pêra crua,unidade média,130.00,19.00,80.00
1065,Pêssego amarelo,unidade média,60.00,6.00,29.00
1066,Quarteirão (Mc’ Donalds®),unidade,,35.00,533.00
1067,Queijadinha de coco,unidade média,35.00,9.00,72.00
1068,Queijo de coalho em espeto,unidade,30.00,0.00,100.00
1069,Queijo gorgonzola nacional,fatia média,38.00,0.00,151.00
1070,Queijo mussarela,fatia média,15.00,0.00,42.00
1071,Queijo parmesão,01 pedaço pequeno,15.00,0.00,54.00
1072,Queijo parmesão nacional,colher de sopa cheia,15.00,0.00,61.00
1073,Queijo prato,fatia média,15.00,0.00,60.00
1074,Queijo provolone,01 fatia média,30.00,1.00,103.00
1075,Queijo provolone nacional,fatia média,15.00,0.00,51.00
1076,Queijo roquefort nacional,fatia média,30.00,0.00,120.00
1077,Queijo suiço,fatia média,30.00,0.00,120.00
1078,Queijo tipo requeijão,fatia média,30.00,0.00,89.00
1079,Queijo tipo ricota nacional,fatia média,30.00,0.00,54.00
1080,Queijo tofu,pedaço pequeno,10.00,0.00,7.00
1081,Queijo-de-minas frescal,fatia média,30.00,0.00,73.00
1082,Queijo-de-minas frescal light,fatia média,30.00,0.00,46.00
1083,Quentão,1/2 copo,100.00,34.00,295.00
1084,Quiabo cozido sem sal,colher de sopa cheia,40.00,3.00,15.00
1085,Quibe assado,porção,100.00,15.00,172.00
1086,Quibe cru,porção,100.00,20.00,126.00
1087,Quibe frito (Habib’s®),unidade,85.00,14.00,152.00
1088,Quiche de Presunto e Queijo,unidade,50.00,10.00,259.00
1089,Quiche de queijo,01 unidade pequena,30.00,11.00,227.00
1090,Quindim,unidade média,35.00,15.00,111.00
1091,Quinua em flocos Mãe Terra®,1/2 xícara de chá,40.00,29.00,159.00
1092,Rabada crua,unidade média,40.00,0.00,155.00
1093,Rabanada,unidade média,60.00,48.00,249.00
1094,Rapadura,pedaço médio,55.00,48.00,194.00
1095,Ratatouille,porção,107.00,6.00,77.00
1096,Ravióli de carne,escumadeira,50.00,26.00,141.00
1097,Ravióli de mussarela,01 escumadeira cheia,100.00,20.00,210.00
1098,Ravióli de queijo,escumadeira,50.00,19.00,149.00
1099,Refrigerante,copo duplo,240.00,24.00,96.00
1100,Refrigerante citrus (Schweppes®),lata,350.00,42.00,170.00
1101,Refrigerante dietético,copo duplo cheio,240.00,0.00,1.00
1102,Refrigerante zero,copo duplo,240.00,0.00,0.00
1103,Repolho cozido (picado),colher de sopa cheia,10.00,0.00,1.00
1104,Repolho cru (picado),colher de sopa cheia,10.00,0.00,2.00
1105,Requeijão comum,colher de sopa cheia,30.00,0.00,106.00
1106,Requeijão cremoso,colher de sopa cheia,30.00,1.00,106.00
1107,Requeijão cremoso light,colher de sopa cheia,30.00,1.00,54.00
1108,Risole de Queijo,unidade,50.00,8.00,112.00
1109,Risoto,colher de sopa cheia,25.00,5.00,41.00
1110,Risoto a milanes,01 colher de sopa cheia,25.00,19.00,95.00
1111,Risoto de camarão,01 colher de sopa cheia,25.00,6.00,45.00
1112,Risoto de frango,colher de sopa cheia,25.00,6.00,45.00
1113,Roll cake de chocolate,unidade,38.00,22.00,143.00
1114,Romã,unidade,150.00,23.00,84.00
1115,Rosquinhas de leite,unidade média,7.00,4.00,27.00
1116,"Rã, carne de (desfiada)",colher de sopa cheia,10.00,0.00,7.00
1117,Sagu,colher de sopa cheia,20.00,17.00,70.00
1118,Sagu com creme de baunilha,porção,100.00,37.00,159.00
1119,Sakemaki,unidade,15.00,3.00,22.00
1120,Salad caesar (Burguer King®),porção,,2.00,53.00
1121,Salada (Mc’Donalds®),porção,,1.00,8.00
1122,Salada Agadir,porção,100.00,3.00,167.23
1123,Salada Almanara®,porção,100.00,12.00,293.00
1126,Salada caesar (Bob’s®),porção,100.00,5.00,74.00
1127,Salada de atum (sanduiche) -Bob’s®,unidade,154.00,25.00,377.00
1128,Salada de batata com maionese,colher de sopa cheia,38.00,7.00,58.00
1129,Salada de batatas (Kartoffelsalat®),colher de sopa cheia,30.00,5.00,82.00
1130,Salada de frango (sanduiche) - Bob’s®,unidade,154.00,25.00,356.00
1131,Salada de frutas,colher de sopa cheia,20.00,3.00,10.00
1132,Salada de frutas completa,taça pequena,100.00,13.00,52.00
1133,Salada de legumes com maionese,colher de sopa cheia,35.00,5.00,34.00
1134,Salada tropical (Bob’s®),porção,99.00,7.00,26.00
1135,Salada tropical com tiras de hamburguer (Bob’s®),porção,277.00,10.00,289.00
1136,Salada verde (Burguer King®),porção,,1.00,115.00
1137,Salame,fatia média,20.00,0.00,59.00
1138,Salgadinho Pingo d’ouro sabor baicon Elma Chips®,colher de sopa cheia,20.00,11.00,100.00
1139,Salgadinho de soja Jasmine®,colher de sopa,20.00,4.00,98.00
1140,Salgadinhos,01 unidade pequena,10.00,4.00,44.00
1141,Salmão defumado,porção,100.00,20.00,233.00
1142,Salmão grelhado,1 filé pequeno,100.00,0.00,171.00
1143,Salpicão de frango,colher de sopa cheia,25.00,2.00,61.00
1144,Salsicha comum,unidade média,35.00,0.00,116.00
1145,Salsicha de frango Sadia®,unidade média,35.00,1.00,74.00
1146,Salsicha de peru light Sadia®,unidade média,35.00,1.00,58.00
1147,Salsicha envasada (em conserva),unidade média,35.00,0.00,64.00
1148,Salsichão,unidade média,100.00,3.00,312.00
1149,Salsichão (Wurst®),unidade média,100.00,3.00,312.00
1150,Salsão/aipo cru,colher de sopa cheia,15.00,0.00,3.00
1151,Sanduiche de BNT (Subway®),porção de 15cm,237.00,47.00,420.00
1152,Sanduiche de almondegas  (Subway®),porção de 15cm,379.00,61.00,498.00
1153,Sanduiche de atum (Subway®),porção de 15cm,260.00,56.00,414.00
1154,Sanduiche de carne (Subway®),porção de 15cm,249.00,46.00,386.00
1155,Sanduiche de churrasco (Subway®),porção de 15cm,266.00,48.00,447.00
1156,Sanduiche de frango (Subway®),porção de 15cm,241.00,46.00,315.00
1157,Sanduiche de frango defumado c/ cream cheese (Subway®),porção de 15cm,259.00,47.00,450.00
1158,Sanduiche de frango teriyaki (Subway®),porção de 15cm,283.00,61.00,379.00
1159,Sanduiche de frutos do mar (Subway®),porção de 15cm,260.00,63.00,413.00
1160,Sanduiche de italiano (Subway®),porção de 15cm,222.00,47.00,404.00
1161,Sanduiche de mussarela de búfala  (Subway®),porção de 15cm,261.00,55.00,450.00
1162,Sanduiche de peito de peru (Bob’s®),unidade,161.00,25.00,278.00
1163,Sanduiche de peito de peru (Subway®),porção de 15cm,234.00,47.00,300.00
1164,Sanduiche de pizza sub (Subway®),porção de 15cm,250.00,50.00,418.00
1165,Sanduiche de pizzaiolo (Subway®),porção de 15cm,215.00,48.00,331.00
1166,Sanduiche de presunto (Subway®),porção de 15cm,222.00,46.00,286.00
1167,Sanduiche de presunto e peito de peru (Subway®),porção de 15cm,245.00,47.00,312.00
1168,Sanduiche de rosbife (Subway®),porção de 15cm,237.00,46.00,315.00
1169,Sanduiche de subway club TM (Subway®),porção de 15cm,275.00,47.00,350.00
1170,Sanduiche de subway melt TM (Subway®),porção de 15cm,270.00,47.00,419.00
1171,Sanduiche vegetariano (Subway®),porção de 15cm,177.00,46.00,239.00
1172,Sanduíche americano,unidade média,190.00,28.00,278.00
1173,Sanduíche de atum,unidade média,120.00,33.00,372.00
1174,Sanduíche de frango,unidade média,120.00,33.00,299.00
1175,Sanduíche natural,unidade média,120.00,29.00,265.00
1176,Sanduíche queijo quente,unidade,85.00,33.00,300.00
1177,Sapoti,unidade pequena,60.00,16.00,58.00
1178,Saquê,dose,50.00,3.00,11.00
1179,Sardinha assada,porção,100.00,0.00,164.00
1180,Sardinha enlatada em molho de tomate,unidade média,33.00,0.00,63.00
1181,Sardinha enlatada em óleo,unidade média,33.00,0.00,65.00
1182,Sardinha frita,unidade média,33.00,1.00,120.00
1183,Sardinha inteira crua,porção,100.00,0.00,144.00
1184,Sashimi de atum,fatia,10.00,0.00,15.00
1185,Sashimi de salmão,fatia,10.00,0.00,15.00
1186,Shitake frito,01 colher de sopa,10.00,7.00,50.00
1187,Shitake frito 01,colher de sopa,10.00,7.00,50.00
1188,Shoyo,colher de sopa cheia,12.00,1.00,9.00
1189,Siri,unidade pequena,16.00,0.00,15.00
1190,Soja cozida,colher de sopa cheia,17.00,2.00,29.00
1191,Sopa caldo verde,concha média,130.00,7.00,80.00
1192,Sopa de cebola (creme),concha média,130.00,6.00,58.00
1193,Sopa de cogumelo (creme),concha média,130.00,12.00,139.00
1194,Sopa de creme de ervilha enlatada,concha média,130.00,27.00,152.00
1195,Sopa de ervilha,concha média,130.00,26.00,165.00
1196,Sopa de espinafre (creme),concha média,130.00,5.00,110.00
1197,Sopa de feijão branco,concha média,130.00,18.00,126.00
1198,Sopa de frango,concha média,130.00,3.00,46.00
1199,Sopa de legumes com carne,concha média,130.00,8.00,100.00
1200,Sopa de lentilhas enlatada,concha média,130.00,16.00,108.00
1201,Sopa de macarrão,concha média,130.00,19.00,132.00
1202,Sopa de milho na mateiga 19g  Knorr Quick®,unidade,19.00,12.00,77.00
1203,Sorvete  massa de morango Nestlé®,bola grande,100.00,27.00,186.00
1204,Sorvete (casquinha) baunilha  (Bob’s®),unidade,124.00,39.00,220.00
1205,Sorvete copo light Kibon®,unidade,63.00,4.00,39.00
1206,Sorvete copo sundae morango Kibon®,unidade,84.00,25.00,164.00
1207,Sorvete cornetto brigadeiro Kibon®,unidade,79.00,23.00,239.00
1208,Sorvete cornetto caramelo Kibon®,unidade,75.00,28.00,224.00
1209,Sorvete cornetto crocante Kibon®,unidade,72.00,27.00,247.00
1210,Sorvete de baunilha c/ cobertura de chocolate suíço 360g (Smooth’n’ creamy®) - Kosher for passover,2 unidades,30.00,16.00,135.00
1211,Sorvete de casquinha baunilha (Mc’Donalds®),unidade,,32.00,192.00
1212,Sorvete de casquinha chocolate,unidade,,31.00,192.00
1213,Sorvete de casquinha chocolate (Mc’Donalds®),unidade,,31.00,192.00
1214,Sorvete de casquinha mista (Mc’Donalds®),unidade,,31.00,192.00
1215,Sorvete de flocos Nestlé®,bola,60.00,14.00,121.00
1216,Sorvete de frutas,unidade,50.00,15.00,63.00
1217,Sorvete de massa crocante crunch Nestlé®,bola grande,100.00,36.00,187.00
1218,Sorvete de massa de \bacaxi Nestlé®,bola média,80.00,27.00,161.00
1219,Sorvete de massa de abacaxi Nestlé®,bola média,80.00,27.00,161.00
1220,Sorvete de massa de chiclete Nestlé®,bola grande,100.00,25.00,195.00
1221,Sorvete de massa de creme Nestlé®,bola média,80.00,20.00,144.00
1222,Sorvete eski -bon  Kibon®,unidade,48.00,12.00,159.00
1223,Sorvete eski -bon crocante Kibon®,unidade,49.00,13.00,162.00
1224,Sorvete eskibon  Kibon®,unidade,48.00,12.00,159.00
1225,Sorvete la fruta Nestlé®,bola grande,100.00,27.00,108.00
1226,Sorvete massa galak Nestlé®,bola média,80.00,20.00,162.00
1227,Sorvete moça doce de leite Nestlé®,bola grande,100.00,27.00,181.00
1228,Sorvete moça fiesta brigadeiro Neslté®,bola grande,100.00,31.00,221.00
1229,Sorvete prestígio Nestlé®,bola grande,100.00,24.00,229.00
1230,Sorvete sedução manjar branco Nestlé®,bola grande,100.00,27.00,195.00
1231,Sorvete sedução mousse chocolate Nestlé®,bola grande,100.00,36.00,230.00
1232,Sorvete sedução romeu e julieta Nestlé®,bola grande,100.00,29.00,185.00
1233,Sorvete sem parar Nestlé®,unidade copo,110.00,39.00,217.00
1234,Sorvete troppo chocolate Nestlé®,unidade,79.00,25.00,224.00
1235,Sorvete troppo crocante Nestlé®,unidade,76.00,29.00,229.00
1236,Sorvete troppo flocos Nestlé®,unidade,76.00,28.00,214.00
1237,Sorvete troppo morango Nestlé®,unidade,79.00,30.00,942.00
1238,Spaghetti ao sugo,01 pegador,110.00,22.00,170.00
1239,Steak tartare,01 porção pequena,100.00,2.00,199.00
1240,SteakhouseTM burguer (Burguer King®),unidade,,57.00,936.00
1241,SteakhouseTM junior (Burguer King®),unidade,,33.00,560.00
1242,Strogonoff de carne,colher de sopa cheia,25.00,0.00,43.00
1243,Strogonoff de frango,colher de sopa cheia,25.00,0.00,50.00
1244,Strudel de Amêndoas  (Hungaria®),porção pequena,100.00,45.00,285.00
1245,Strudel de Frango com Catupiry  (Hungaria®),porção pequena,100.00,31.00,546.00
1246,Strudel de Maçã (Hungaria®),porção pequena,100.00,30.00,157.00
1247,Strudel de frango com catupiry  Hungaria®,porção pequena,100.00,31.00,546.00
1248,Strudel de maçã,fatia grande,220.00,59.00,396.00
1249,Suco de abacaxi com açúcar,copo duplo cheio,240.00,25.00,103.00
1250,Suco de acerola com açúcar,copo duplo cheio,240.00,14.00,62.00
1251,Suco de laranja (envasado),copo duplo cheio,240.00,26.00,116.00
1252,Suco de laranja (fresco),copo duplo cheio,240.00,31.00,140.00
1253,Suco de laranja Del Valle®,copo grande,300.00,29.00,116.00
1254,"Suco de laranja,cenoura sem açúcar",copo duplo cheio,240.00,31.00,137.00
1255,Suco de mamão com açúcar,copo duplo cheio,240.00,22.00,91.00
1256,Suco de manga com açúcar,copo duplo cheio,240.00,23.00,96.00
1257,Suco de manga light Dell Valle®,copo,200.00,9.00,37.00
1258,Suco de maracujá com açúcar,copo duplo cheio,240.00,17.00,70.00
1259,Suco de melão com açúcar,copo duplo cheio,240.00,20.00,82.00
1260,Suco de morango,copo duplo cheio,240.00,11.00,52.00
1261,Suco de morango com açúcar,copo duplo cheio,240.00,22.00,96.00
1262,Suco de pessego,copo duplo cheio,240.00,8.00,38.00
1263,Suco de tomate,copo duplo cheio,240.00,11.00,58.00
1264,Suco de tomate enlatado,copo duplo cheio,240.00,10.00,49.00
1265,Suco de uva Kapo ®,caixinha,200.00,23.00,106.00
1266,Suco de uva engarrafado,copo duplo cheio,240.00,36.00,151.00
1267,Sucrilhos,colher de sopa cheia,5.00,5.00,19.00
1268,Suflê de espinafre,colher de sopa cheia,55.00,1.00,89.00
1269,Suflê de legumes,colher de sopa cheia,55.00,5.00,70.00
1270,Sundae caramelo (Mc’Donalds®),unidade,,51.00,323.00
1271,Sundae chocolate (Bob’s®),unidade,172.00,80.00,463.00
1272,Sundae chocolate (Mc’Donalds®),unidade,,40.00,290.00
1273,Sundae morango  (Mc’Donalds®),unidade,,47.00,292.00
1274,Super McShake coco (Mc’ Donalds®),copo pequeno,300.00,50.00,312.00
1275,Super McShake flocos (Mc’ Donalds®),copo pequeno,300.00,63.00,334.00
1276,Super McShake morango (Mc’ Donalds®),copo pequeno,300.00,64.00,336.00
1277,Sushi,unidade média,22.00,14.00,57.00
1278,Sushi de Atum,unidade,30.00,7.00,40.00
1279,Sushi de Salmao,unidade,30.00,7.00,38.00
1280,Suspiro,unidade média,10.00,9.00,38.00
1281,Sustagem,colher de sopa cheia,16.00,10.00,62.00
1282,Tablete Alpino® Diet,unidade,30.00,17.00,143.00
1283,Tainha,posta pequena,100.00,0.00,204.00
1284,Tambaqui (filé cru),pedaço médio,100.00,0.00,151.00
1285,Tangerina,unidade média,135.00,15.00,67.00
1286,Tapioca pronta,unidade pequena,100.00,43.00,174.00
1287,Tapioquinha com queijo e coco ralado,unidade pequena,100.00,62.00,430.00
1288,Tapioquinha com tucumã,unidade média,100.00,48.00,360.00
1289,Tartar de salmão,unidade,63.00,1.00,178.00
1290,Tartar de salmão com molho sour cream,porção,100.00,5.00,265.00
1291,Tarte de bacalhau,unidade média,90.00,27.00,282.00
1292,Tatu (carne) recheado com lingüiça,fatia,100.00,3.00,259.00
1293,Taça Habib’s®,unidade,330.00,69.00,554.00
1294,Temaki (média),unidade,120.00,24.00,258.00
1295,Temaki de Atum,unidade,100.00,18.00,157.00
1296,Temaki de Salmao,unidade,100.00,18.00,190.00
1297,Tempero Maggi® amaciante de carnes,colher de sopa cheia,10.00,2.00,14.00
1298,Tempero Maggi® fondor,colher de sopa cheia,10.00,2.00,14.00
1299,Tender,01 fatia fina,100.00,0.00,146.00
1300,Terrine ligth (peito de peru),porção,130.00,14.00,131.00
1301,Tiramissu,porção,100.00,21.00,364.00
1302,Tiramissú de frutas,taça,200.00,23.00,138.00
1303,"Tomate, purê de (enlatado)",colher de sopa cheia,20.00,1.00,8.00
1304,Top sundae caramelo (Mc’ Donalds®),unidade,,77.00,508.00
1305,Top sundae chocolate (Mc’ Donalds®),unidade,,65.00,475.00
1306,Top sundae morango (Mc’ Donalds®),unidade,,73.00,478.00
1307,Torradas,unidade,8.00,5.00,25.00
1308,"Torradas alho,água e sal Casa Victoriana®",10 unidades,30.00,16.00,150.00
1309,Torradas aperitivo,01 unidade,2.00,1.00,7.00
1310,Torresmo,colher de sopa cheia,10.00,0.00,54.00
1311,Torta Alemâ,fatia pequena,50.00,16.00,192.00
1312,Torta Alemã,fatia pequena,50.00,16.00,192.00
1313,Torta Floresta Negra,fatia pequena,50.00,22.00,133.00
1314,Torta de banana (Mc’ Donalds®),unidade,,34.00,228.00
1315,Torta de carne,fatia média,85.00,16.00,209.00
1316,Torta de frango,fatia média,85.00,16.00,200.00
1317,Torta de limão,fatia pequena,90.00,34.00,217.00
1318,Torta de maçã (Mc’ Donalds®),unidade,,26.00,198.00
1319,Torta holandesa,porção pequena,60.00,22.00,181.00
1320,Torta mousse de limão  Miss Daisy®,1/8 do pacote,60.00,16.00,121.00
1321,Torta quente (Burguer King®),unidade,,24.00,142.00
1322,Tortellini com recheio de carne,porção,190.00,33.00,367.00
1323,Tremoço em conserva,colher de sopa,20.00,3.00,24.00
1324,Trigo cozido,colher de sopa cheia,25.00,6.00,28.00
1325,Trigo em grão,colher de sopa cheia,25.00,20.00,91.00
1326,"Trigo, bolo de",fatia média,60.00,36.00,203.00
1327,Triplo cheese (Bob’s®),unidade,245.00,35.00,694.00
1328,Trufa de chocolate,unidade grande,30.00,15.00,140.00
1329,Tucumã descascado,colher de sopa cheia,30.00,2.00,142.00
1330,Tucunaré (filé cru),pedaço médio,100.00,0.00,102.00
1331,Tutu de feijão,colher de sopa cheia,20.00,7.00,43.00
1332,Tâmara seca,unidade,10.00,7.00,28.00
1333,Uramaki califórnia,unidade,20.00,10.00,47.00
1334,Uramaki salmão,unidade,22.00,10.00,62.00
1335,Uva comum,unidade,8.00,1.00,6.00
1336,Uva do tipo européia,cacho pequeno,100.00,18.00,79.00
1337,Uva itália (uva verde),unidade,8.00,1.00,6.00
1338,Uva passa,01 colher de sopa cheia,18.00,14.00,55.00
1339,Uísque,dose,50.00,0.00,120.00
1340,Vaca atolada,concha média cheia,100.00,3.00,259.00
1341,Vagem comum em conserva,colher de sopa cheia,20.00,1.00,4.00
1342,Vagem cozida,colher de sopa cheia,20.00,2.00,8.00
1343,Vatapá,unidade,100.00,9.00,127.00
1344,Vinagre,colher de sopa cheia,10.00,0.00,2.00
1345,Vinho (média),taça,150.00,6.00,26.00
1346,Vinho branco,taça,150.00,5.00,21.00
1347,Vinho branco seco,taça,150.00,0.00,99.00
1348,Vinho de jenipapo,taça,150.00,38.00,152.00
1349,Vinho quente,01 copo,150.00,24.00,98.00
1350,Vitamina de fruta com suco,copo duplo cheio,240.00,49.00,223.00
1351,Waffer® - média sabores,unidade,7.50,3.00,21.00
1352,Whopper JR® com queijo (Burguer King®),unidade,,31.00,464.00
1353,Whopper® com queijo (Burguer King®),unidade,,52.00,757.00
1354,Whopper® duplo com queijo  (Burguer King®),unidade,,52.00,978.00
1355,Xinxim de galinha,porção,150.00,1.00,358.00
1356,Yakult®,unidade,80.00,11.00,50.00
1357,Água-de-coco verde,copo duplo,240.00,10.00,43.00
1358,Óleos vegetais,colher de sopa cheia,8.00,0.00,72.00
